Math_Grade,Science_Grade,History_Grade,English_Grade,Art_Grade,Computer_Science_Grade,Study_Hours_Per_Week,School_Track,Attendance_Tier,Score_Jan,Score_Feb,Score_Mar,Score_Apr,Score_May,Score_Jun,Score_Jul,Score_Aug,Score_Sep,Score_Oct,Score_Nov,Score_Dec,Overall_Final_Grade
88,82,52,56,68,94,14.8,Business,Low,72.4,75.9,74.5,75.3,73.8,75.4,78.1,79.3,77.2,77.2,78.1,79.2,79.2
78,71,55,53,74,66,7.3,Arts,High,66.8,68.5,69.9,68.9,68.6,68.6,69.5,71.6,70.5,73.2,73.6,73.2,73.1
64,70,58,78,71,89,13.6,Business,High,73.2,71.5,72.2,74.5,74.9,75.8,76.3,79.2,79.2,78.7,79.9,80.3,80.1
92,55,55,63,80,70,18.8,Tech,Medium,67.8,68.9,68.8,71.9,70.6,71.7,69.3,71.4,72.0,71.4,73.1,72.8,73.4
57,55,58,52,66,51,24.0,Science,High,58.2,55.9,59.0,60.7,61.5,61.9,64.3,64.1,65.1,64.0,65.3,65.7,66.9
70,97,88,73,72,86,7.1,Tech,High,82.1,80.7,84.0,82.0,84.2,81.7,81.6,84.3,83.7,83.4,83.6,84.5,83.9
88,53,80,86,81,55,22.4,Arts,Medium,75.4,75.9,75.6,76.6,77.2,77.2,78.7,78.1,78.8,79.9,81.1,81.3,81.6
68,79,81,65,59,93,23.5,Business,Medium,75.7,74.4,74.9,75.7,75.5,74.9,76.2,76.1,76.3,75.9,78.5,78.0,77.8
72,60,90,53,59,67,23.1,Arts,High,69.6,68.4,67.0,69.4,69.3,69.9,70.6,72.9,73.1,70.6,72.0,73.1,73.4
60,79,99,73,85,79,16.6,Arts,Low,79.1,78.2,80.9,78.5,80.7,81.9,81.9,80.4,80.9,81.1,82.0,82.5,82.5
60,80,61,83,57,71,16.5,Arts,Medium,69.3,70.6,71.3,70.6,70.6,72.0,74.2,71.7,73.8,74.4,74.8,74.9,75.3
73,73,57,79,69,82,11.3,Business,Low,72.2,72.5,74.3,72.5,74.6,75.8,75.6,77.4,75.5,76.8,77.9,76.7,77.7
85,58,57,67,81,79,19.3,Tech,High,71.3,71.5,70.9,73.0,72.3,73.4,72.8,73.5,72.1,72.0,71.8,73.3,72.8
89,52,99,68,99,66,14.2,Arts,Medium,80.7,79.4,79.2,80.2,80.8,80.3,81.6,82.0,81.9,82.5,81.3,82.4,83.0
73,80,77,80,63,92,17.6,Business,Low,76.8,77.5,78.1,79.8,81.1,81.1,82.9,82.5,82.3,84.8,85.0,85.2,85.0
52,89,69,68,99,81,11.9,Science,Medium,75.7,75.7,77.2,78.3,78.1,80.1,77.7,78.0,77.7,79.4,77.7,79.9,79.5
71,86,96,98,77,91,18.8,Business,Medium,88.5,88.7,87.2,89.3,87.7,91.5,91.7,91.5,92.1,92.3,94.3,93.0,93.6
51,85,56,95,95,63,21.0,Science,High,75.8,75.7,74.7,75.4,77.7,76.0,79.4,80.4,78.6,81.0,80.5,80.0,81.2
73,73,60,68,73,59,5.4,Business,High,67.5,69.1,67.8,68.4,68.0,69.2,70.1,69.5,68.6,68.7,68.3,72.4,70.0
93,80,69,71,64,96,21.2,Tech,High,80.2,80.1,79.8,80.5,80.2,81.8,81.6,84.9,82.3,83.5,83.7,84.2,84.7
79,55,65,73,71,85,14.4,Arts,High,71.8,71.8,71.3,70.2,71.0,73.1,72.3,71.7,72.7,72.7,73.4,73.8,73.2
87,51,53,94,79,83,21.4,Tech,Low,76.4,73.5,76.0,75.2,76.7,75.9,77.2,77.3,78.6,76.8,77.8,80.6,78.7
51,69,55,61,53,58,11.9,Business,High,58.3,58.4,59.2,59.3,59.7,59.5,59.4,60.8,63.1,61.6,62.4,63.6,62.8
70,77,71,79,62,91,10.7,Arts,Low,76.3,75.5,75.5,76.0,74.7,75.9,78.5,76.0,76.7,75.6,78.7,77.9,78.2
82,60,75,87,72,77,23.0,Science,Low,78.7,78.6,77.3,76.2,78.7,78.2,79.3,79.7,82.6,82.9,81.3,82.0,82.1
61,53,52,80,57,60,7.8,Business,High,61.2,61.4,59.9,62.2,59.7,62.1,61.7,61.9,60.6,60.8,60.9,61.2,62.0
71,64,90,85,67,63,21.4,Arts,High,73.9,75.8,74.9,75.2,75.9,75.0,76.1,77.7,78.7,79.7,78.3,80.0,79.1
93,55,91,68,61,88,13.1,Science,Low,77.2,77.6,77.7,78.0,78.7,78.4,78.2,82.2,79.8,81.0,82.9,82.6,82.0
74,98,63,97,80,96,13.8,Science,Low,84.6,84.5,84.0,86.2,87.0,84.6,86.1,87.4,86.4,88.1,89.5,87.6,88.1
98,79,60,94,63,68,9.1,Tech,High,79.4,77.1,78.0,76.2,78.8,78.0,77.2,78.2,76.3,76.5,75.0,76.0,77.0
76,87,67,85,83,64,15.2,Business,High,77.7,78.2,77.6,79.5,78.1,81.3,81.2,81.1,81.4,82.2,83.6,81.7,83.0
91,51,61,79,67,77,9.5,Science,Medium,70.9,70.5,71.7,71.4,71.9,71.9,72.6,74.3,73.4,73.7,73.5,74.4,73.4
77,64,72,98,83,73,2.9,Arts,Medium,77.1,77.6,79.2,77.3,78.0,78.0,78.7,80.9,79.2,79.3,79.6,78.9,78.8
65,60,61,82,60,57,8.3,Science,High,65.7,64.9,66.5,66.7,67.0,67.5,67.2,68.5,67.5,69.7,68.9,70.1,69.9
64,57,62,67,90,92,2.1,Science,Medium,72.9,73.7,72.2,73.7,72.5,73.8,72.8,71.4,71.5,72.1,70.8,71.8,72.6
96,75,74,98,61,58,24.5,Tech,High,77.2,76.2,78.6,80.4,79.9,81.4,83.1,81.7,82.0,83.1,84.8,83.4,84.9
93,94,94,77,98,96,24.2,Tech,High,93.0,94.0,94.2,94.6,93.6,93.8,95.6,95.5,95.6,94.5,95.6,97.9,96.9
52,93,68,96,64,82,11.1,Arts,High,74.6,75.4,77.2,76.3,75.9,75.6,78.3,78.2,77.8,78.7,77.1,78.7,78.7
86,54,95,60,80,82,18.8,Tech,High,76.9,75.9,77.3,76.8,80.0,78.5,80.4,81.4,80.3,82.9,81.1,83.9,83.0
56,55,85,94,98,68,10.0,Science,High,76.4,77.2,75.2,77.5,76.4,76.0,74.4,76.4,76.2,77.5,76.5,75.5,75.9
70,75,94,82,78,52,17.4,Science,High,77.3,76.8,74.5,79.1,78.4,77.3,77.4,78.9,81.7,80.2,80.5,80.6,80.8
58,53,57,66,75,59,20.5,Tech,High,61.1,63.6,63.1,65.0,63.7,64.7,65.5,64.9,65.6,65.9,68.0,68.4,67.7
88,68,78,55,67,89,23.8,Science,High,73.5,76.2,75.9,76.2,76.5,77.2,78.4,79.4,79.2,78.5,81.5,82.1,81.4
67,69,81,53,81,96,11.2,Science,High,74.1,77.5,77.0,75.1,75.7,76.1,78.1,80.0,79.1,80.0,79.0,80.7,79.9
53,82,93,69,71,91,20.0,Arts,Low,75.7,78.2,78.5,77.7,79.7,78.7,82.1,82.0,81.0,80.3,82.6,82.9,83.2
74,69,67,97,87,50,8.1,Tech,High,75.8,74.7,76.7,74.1,75.2,78.3,77.9,78.1,78.7,78.2,78.4,80.0,79.4
63,98,55,96,66,78,24.8,Science,High,78.0,77.3,76.7,77.7,80.1,79.6,80.5,80.7,79.4,80.4,80.8,82.6,81.5
99,61,67,76,72,99,2.6,Tech,Medium,79.4,80.4,80.4,81.0,78.2,81.3,79.7,79.4,81.7,79.8,79.0,80.0,80.1
58,96,68,64,73,83,15.9,Arts,Low,75.3,73.7,74.4,75.2,76.0,76.7,75.7,76.4,77.7,77.8,78.6,78.1,78.6
75,50,71,55,99,62,17.2,Tech,High,69.1,68.5,70.2,70.0,71.5,69.8,70.4,69.9,70.3,71.3,72.5,73.0,71.7
51,75,86,96,57,50,17.8,Science,Medium,69.7,70.1,69.5,73.0,72.8,74.1,72.6,73.9,74.0,72.8,75.0,75.7,76.4
69,63,81,63,90,83,4.8,Tech,Medium,75.0,73.7,76.6,76.5,77.5,77.8,79.9,78.5,78.9,79.9,81.7,81.5,80.9
77,87,90,60,55,78,23.6,Science,Medium,74.8,75.8,74.3,78.9,76.4,78.2,79.4,80.4,81.1,78.1,81.0,81.4,81.5
96,86,52,88,54,97,6.2,Science,High,77.5,77.4,79.3,81.8,78.6,80.2,81.0,80.3,79.7,82.0,81.7,79.9,81.7
56,60,77,58,93,96,16.3,Science,Medium,74.0,74.2,75.0,74.9,76.2,72.9,77.5,75.9,76.5,77.0,76.3,79.5,78.4
93,85,59,75,78,62,7.1,Arts,High,75.3,76.3,75.0,75.0,77.1,77.3,73.7,77.7,75.3,73.7,74.1,73.2,76.0
57,62,84,65,77,97,9.1,Tech,Medium,74.3,73.0,72.4,74.1,72.9,73.7,73.7,72.6,73.0,72.1,73.0,70.8,72.8
96,92,78,54,60,98,14.6,Arts,Medium,80.0,81.8,81.2,80.3,79.7,81.5,80.1,81.8,81.6,81.5,83.1,83.1,82.6
84,52,64,59,50,78,11.6,Tech,High,64.4,63.2,64.6,63.6,62.3,64.8,64.9,65.4,63.5,66.3,64.5,65.7,65.2
63,82,82,99,92,88,5.7,Arts,Low,83.9,86.4,85.1,87.3,85.5,87.1,87.0,86.6,87.8,88.8,90.7,88.9,89.5
66,55,56,52,68,73,5.9,Business,High,61.9,62.6,62.1,63.4,62.2,61.8,63.2,63.9,62.7,63.3,63.8,63.3,63.2
85,99,61,62,58,75,11.6,Science,Low,74.3,72.1,76.7,74.4,76.1,75.3,75.2,75.8,74.8,76.8,75.0,73.6,76.1
99,59,98,92,76,66,19.4,Science,High,81.2,85.6,84.7,82.9,85.5,84.2,87.5,88.3,88.1,87.9,88.7,90.0,89.3
89,54,79,98,83,56,22.7,Arts,High,77.0,77.2,78.8,76.8,78.7,79.0,78.6,78.9,80.9,81.1,83.2,81.3,81.1
53,72,70,79,93,62,3.9,Business,High,71.7,70.6,71.8,71.5,70.9,71.9,72.0,71.3,71.1,71.9,69.9,71.1,71.1
51,59,80,94,53,54,11.0,Science,Low,64.7,64.3,66.2,65.8,66.0,66.7,67.3,67.5,68.0,66.7,68.8,68.6,68.6
55,93,73,55,85,75,4.3,Tech,High,72.4,73.0,71.1,73.4,75.5,74.7,73.0,75.2,73.0,76.9,75.4,76.5,76.0
91,51,69,66,67,98,2.4,Arts,High,74.0,73.8,73.4,75.3,74.6,73.5,73.8,73.4,74.5,73.7,76.0,75.4,75.4
53,62,86,94,64,52,17.2,Science,High,67.8,69.6,69.4,71.1,68.8,70.4,71.7,72.4,73.8,74.2,75.0,72.3,74.2
78,89,53,68,62,56,15.9,Science,Medium,68.4,68.2,67.0,70.7,69.0,70.4,71.7,69.5,70.9,70.3,71.8,74.8,72.6
67,51,77,91,68,98,5.7,Arts,Medium,74.6,76.4,74.8,75.2,75.5,77.2,77.2,77.3,76.4,78.0,78.7,79.0,77.8
75,69,93,84,98,88,7.4,Arts,High,85.8,84.5,83.2,85.0,85.0,83.9,84.8,84.1,88.7,88.5,89.1,85.8,87.1
93,50,69,95,55,50,2.5,Tech,High,70.9,66.5,68.3,69.0,68.7,68.6,67.8,66.0,69.5,67.4,67.6,67.1,67.4
83,86,73,75,97,98,21.2,Tech,High,85.0,86.3,87.8,87.9,87.9,88.0,91.1,90.5,90.7,90.5,92.0,91.6,91.8
59,58,99,54,61,66,24.4,Science,High,67.1,64.7,68.6,69.4,68.2,68.5,69.3,69.0,71.2,71.1,70.3,72.4,71.3
85,66,98,78,86,92,5.1,Science,High,83.6,84.8,85.0,85.2,86.2,83.7,84.9,84.3,83.2,85.3,85.8,83.7,85.9
63,58,81,86,66,74,7.3,Arts,Medium,72.5,70.6,70.7,73.6,71.2,71.1,72.6,73.4,71.5,74.2,72.3,72.1,72.6
80,60,90,69,72,52,22.0,Science,High,70.2,72.6,71.5,74.9,77.2,77.3,78.1,78.6,78.8,80.4,82.0,80.4,82.2
97,64,85,98,75,64,23.3,Science,High,81.6,83.0,80.5,83.9,82.7,84.0,84.1,86.0,85.4,85.9,88.0,87.1,87.4
64,73,83,70,78,78,11.7,Arts,High,73.5,73.5,73.2,74.2,74.7,74.3,75.2,74.6,74.3,74.3,74.8,74.5,75.0
57,87,85,59,82,92,3.2,Science,Low,76.9,78.2,76.3,77.2,77.0,77.2,77.1,80.1,75.0,76.7,79.2,77.8,77.7
63,84,51,54,76,81,2.9,Science,Low,67.3,68.1,68.5,69.7,69.1,69.6,70.0,68.9,70.0,69.2,71.5,69.5,70.1
72,79,64,85,74,75,15.2,Business,Low,76.3,77.9,75.8,79.1,78.6,79.2,79.6,81.8,81.3,81.0,82.9,81.9,82.7
89,80,83,55,59,65,11.0,Tech,High,71.2,71.8,72.7,73.3,73.2,72.8,73.6,73.2,75.1,73.2,73.3,74.6,74.0
70,98,85,75,96,74,2.7,Arts,High,83.4,81.8,82.2,82.1,81.2,82.9,80.8,79.7,80.4,80.3,80.2,81.1,80.6
65,54,55,53,72,77,15.4,Business,High,62.8,64.4,64.2,66.1,64.1,66.8,65.5,67.3,66.5,70.0,67.6,69.5,68.9
94,93,88,88,70,58,2.3,Tech,High,81.5,81.1,82.5,79.0,83.5,81.2,81.6,80.8,77.6,79.1,80.9,79.6,79.8
67,99,91,88,70,50,20.1,Tech,Medium,78.1,77.5,77.6,77.8,79.2,80.2,80.5,79.9,81.1,82.0,81.1,82.1,82.7
96,63,61,99,92,78,9.0,Tech,Medium,80.9,81.4,82.5,82.9,83.1,83.3,83.1,82.0,84.1,83.9,84.2,83.6,83.7
73,60,52,84,62,71,2.9,Business,Low,67.3,67.1,67.2,67.2,65.7,67.7,67.1,67.4,66.9,68.2,66.6,68.2,67.7
75,58,94,50,86,65,15.5,Business,Low,73.4,73.7,72.5,74.0,73.6,75.4,75.8,75.7,78.0,76.3,77.7,75.2,77.4
74,83,67,73,82,90,11.1,Tech,High,77.5,76.6,79.5,78.9,78.8,80.0,78.7,77.0,79.4,79.5,80.0,80.5,80.1
94,61,89,85,73,93,24.4,Science,Medium,84.2,83.7,85.1,85.3,85.8,84.9,86.3,88.1,87.7,88.6,90.1,89.6,89.3
90,84,70,55,93,90,14.5,Science,High,82.2,81.7,80.5,81.0,79.4,81.4,83.7,82.7,82.2,84.2,85.5,84.8,84.7
78,84,64,90,60,56,8.3,Business,High,71.4,72.7,72.5,73.5,73.3,72.7,74.8,72.5,74.4,74.1,76.0,74.7,74.8
64,50,82,95,66,63,18.3,Business,Medium,69.0,72.3,71.7,72.9,71.2,73.8,72.8,74.7,72.3,73.2,76.7,73.1,75.7
94,89,84,93,53,78,8.2,Business,High,82.4,82.3,82.4,84.2,83.6,81.9,85.8,84.1,85.1,84.2,85.1,84.8,85.2
50,71,75,80,96,68,22.8,Tech,High,73.5,74.6,76.1,78.2,75.9,78.0,78.6,80.3,80.5,79.3,80.0,83.7,81.9
74,78,57,69,74,68,10.6,Science,High,72.2,71.3,71.3,71.6,70.8,72.4,71.3,73.1,74.4,72.7,72.6,74.0,74.0
56,57,85,73,79,51,14.6,Business,Medium,67.3,67.8,70.0,68.9,68.8,70.6,70.3,70.3,69.8,71.3,69.6,71.8,72.1
58,60,97,74,58,90,3.2,Business,Medium,71.8,72.1,70.7,70.6,70.9,71.9,71.1,71.2,71.3,71.3,69.7,70.6,70.6
73,90,79,85,70,94,11.8,Arts,High,81.0,83.0,82.6,82.5,82.9,82.3,84.4,84.8,85.1,86.7,85.3,85.9,85.5
50,86,72,70,69,64,21.1,Tech,Low,70.2,69.1,69.4,70.7,70.3,71.2,72.7,73.0,74.4,74.0,74.6,76.5,75.8
93,63,91,79,68,52,20.5,Arts,High,74.4,75.0,76.8,77.9,75.7,76.9,78.8,78.5,79.1,81.4,81.1,81.7,81.9
57,79,93,73,68,60,7.2,Science,High,71.8,71.3,70.2,71.3,73.0,71.5,71.2,72.8,69.8,72.6,72.8,72.8,72.4
73,84,63,93,61,95,7.2,Arts,Medium,79.2,79.7,78.7,79.2,77.2,78.4,79.6,78.6,79.1,80.2,78.6,80.7,79.0
60,70,63,91,86,79,20.8,Arts,Medium,74.8,72.5,75.5,76.5,76.8,76.2,76.6,78.2,78.5,79.6,78.4,80.9,79.9
66,86,51,79,91,89,23.4,Arts,Low,77.6,78.7,78.3,79.5,81.1,82.5,80.6,83.5,82.5,82.7,84.4,87.4,85.1
57,54,86,71,66,67,4.2,Tech,High,67.1,67.4,66.2,68.2,67.6,67.2,69.2,69.0,70.1,67.9,69.0,69.5,70.2
84,68,54,77,86,97,12.4,Science,Medium,78.6,76.5,77.9,78.3,78.1,80.5,81.0,79.6,79.8,80.4,80.1,82.3,80.6
84,63,87,56,97,51,9.8,Arts,Medium,74.0,74.1,75.3,74.2,75.2,76.6,75.4,75.6,75.3,76.5,78.7,77.0,77.8
82,75,94,84,88,81,22.0,Tech,Low,84.3,85.6,85.7,84.6,88.0,88.3,88.7,89.0,87.2,88.7,90.0,91.2,90.8
54,53,90,77,77,57,3.9,Science,High,68.1,68.7,68.9,68.1,67.2,67.8,69.6,68.9,67.5,67.5,70.6,69.6,68.9
91,74,96,63,90,71,6.9,Business,Medium,80.6,78.5,82.9,80.9,81.4,82.0,82.6,82.8,84.5,82.4,83.8,82.0,82.5
88,94,63,59,84,55,19.3,Arts,Medium,73.0,76.4,75.9,75.7,75.1,76.2,77.8,78.1,80.0,81.4,79.9,81.2,81.1
90,91,88,65,96,61,3.2,Science,High,82.2,81.4,81.7,82.8,82.1,83.5,81.7,82.4,83.2,82.7,82.2,84.3,83.4
77,74,74,65,97,96,13.3,Arts,High,83.1,82.6,83.1,84.0,84.1,84.7,83.3,87.0,86.7,88.2,88.2,88.3,89.0
56,67,69,80,67,89,12.2,Business,High,70.6,72.4,71.3,72.2,71.3,71.9,72.2,72.9,72.6,72.9,74.3,75.0,73.3
58,89,51,91,63,85,9.7,Science,Medium,72.4,72.6,73.3,75.2,74.0,73.6,76.3,74.6,77.0,74.8,76.0,75.4,76.8
57,57,88,74,84,64,11.1,Tech,Low,70.0,71.7,69.7,72.0,70.2,69.3,70.8,73.5,71.9,73.3,73.6,74.8,72.9
61,88,55,62,93,77,14.2,Science,Medium,73.6,72.7,74.2,73.2,73.8,72.9,74.8,72.7,75.1,73.7,76.2,76.2,75.2
83,89,66,55,90,98,5.7,Tech,Medium,80.8,78.4,80.2,80.3,81.9,82.1,80.2,82.1,81.1,81.6,81.0,81.8,81.9
82,63,74,93,56,94,15.2,Science,Medium,77.2,79.0,78.4,78.9,77.9,79.0,79.9,78.9,82.5,80.7,80.7,81.4,81.8
97,81,77,58,90,67,20.5,Tech,High,78.4,79.6,80.3,82.9,82.7,84.1,86.0,88.2,88.1,89.2,90.0,89.8,90.3
72,87,51,94,62,51,19.5,Business,High,70.1,69.6,71.3,72.7,72.3,72.9,72.0,71.6,74.9,73.0,74.7,74.9,75.0
73,82,84,85,67,62,5.5,Business,High,73.9,75.0,74.6,76.5,76.5,77.0,75.3,76.3,74.5,75.4,74.3,74.9,74.9
86,72,86,92,86,94,5.4,Business,High,86.3,86.6,86.4,86.2,85.4,88.4,86.9,87.4,88.7,87.0,87.7,89.5,88.2
84,64,54,69,62,64,8.2,Science,High,66.9,65.8,66.6,65.5,65.3,64.4,65.9,64.7,64.6,64.3,64.6,66.5,64.5
93,82,50,67,85,69,10.3,Business,Medium,73.3,75.4,75.8,76.0,75.8,73.8,76.2,76.4,76.6,73.1,75.4,77.4,77.2
89,74,89,92,80,78,11.4,Arts,High,82.4,82.9,84.5,85.9,85.0,87.7,85.7,86.6,87.9,88.6,87.6,86.3,87.1
71,66,61,70,51,91,17.6,Business,High,70.5,68.7,68.3,71.6,68.7,74.0,73.9,72.0,72.4,74.6,74.1,74.7,75.2
76,82,85,53,65,78,3.3,Tech,High,72.8,73.5,76.9,74.1,74.9,74.8,75.5,74.3,75.6,74.8,73.1,75.9,76.1
84,96,94,99,58,52,2.8,Tech,High,81.6,82.4,82.2,79.2,81.9,79.1,79.7,81.0,80.8,79.2,80.3,79.3,80.3
50,51,72,82,58,68,11.0,Tech,Low,63.6,63.9,65.0,63.5,64.9,66.0,65.2,63.8,66.3,65.5,65.5,65.3,66.5
84,63,96,76,87,52,18.0,Science,Low,76.5,78.1,76.5,77.9,76.9,78.2,78.5,78.3,78.8,80.3,81.6,82.3,80.2
86,89,80,56,60,63,6.4,Arts,Medium,72.7,72.3,72.1,72.6,71.7,72.1,72.2,75.2,74.2,70.2,71.4,72.3,72.0
96,89,60,55,71,89,16.8,Business,High,76.3,77.1,77.5,77.4,80.8,80.4,82.5,79.5,79.6,81.2,80.7,81.5,82.3
63,88,59,64,82,53,8.0,Arts,Medium,68.3,67.9,69.4,68.2,69.0,68.4,68.4,69.2,69.5,69.8,68.5,68.8,68.0
52,55,52,67,85,60,22.4,Arts,Low,61.9,62.6,63.6,64.4,64.9,63.6,63.2,65.2,67.4,65.6,66.6,66.5,67.7
50,55,63,81,94,80,22.6,Tech,Medium,69.6,71.9,70.9,70.9,72.9,72.6,72.8,74.2,76.0,74.6,74.1,74.2,75.3
54,52,65,60,72,92,8.8,Tech,High,66.5,67.8,66.3,68.2,66.7,68.4,66.1,69.0,67.1,71.2,69.8,68.8,69.6
75,56,59,69,94,81,7.3,Tech,Medium,72.6,73.7,74.9,73.9,74.5,75.7,75.4,77.3,75.8,77.8,76.6,79.8,78.1
63,57,78,73,94,76,11.5,Science,Low,73.4,74.8,75.3,75.0,73.8,74.2,72.0,73.8,75.6,74.3,72.8,74.0,74.3
88,91,59,64,83,79,7.5,Arts,Medium,76.0,76.1,78.5,76.3,77.3,77.6,75.6,78.4,74.4,76.6,77.7,73.5,75.9
76,64,61,97,58,92,17.5,Arts,Medium,76.7,75.1,76.7,75.3,78.3,76.8,76.1,77.4,76.8,78.5,79.9,80.9,79.7
58,96,79,56,73,51,21.0,Science,High,70.2,69.2,70.2,70.5,72.6,72.2,72.9,73.3,73.1,75.4,74.4,74.9,75.2
64,78,90,70,57,98,17.5,Science,Medium,77.6,77.4,74.4,78.0,77.1,75.7,79.5,80.2,80.7,80.5,81.4,80.1,81.9
64,82,50,91,56,58,21.0,Science,High,67.0,67.4,68.5,68.2,69.3,69.1,70.3,69.3,72.5,69.3,72.3,71.9,72.2
75,79,54,75,85,77,11.1,Arts,Medium,72.7,75.4,74.9,74.9,76.1,76.4,75.8,75.8,76.2,76.2,77.8,77.6,77.1
91,88,69,93,67,80,5.6,Arts,High,83.5,80.8,82.1,82.5,82.9,82.1,81.3,83.1,82.5,82.3,82.7,84.1,83.7
62,76,57,63,52,83,19.0,Tech,High,66.1,66.8,67.5,67.9,68.1,68.9,70.6,70.3,71.7,71.7,73.0,75.1,73.3
81,85,92,86,77,64,10.3,Tech,High,80.0,81.4,79.3,80.5,83.4,79.4,82.3,82.7,80.7,79.9,79.6,79.1,80.0
88,78,61,70,55,97,17.4,Arts,Medium,75.6,73.5,76.5,74.6,75.4,78.1,77.8,77.0,78.6,79.8,78.7,79.3,79.3
98,87,50,67,93,74,8.2,Tech,High,79.6,80.8,79.5,79.5,78.3,80.2,79.5,81.3,80.2,81.3,81.0,80.4,81.1
81,82,69,54,93,85,3.9,Science,Medium,77.3,76.9,77.9,77.0,77.3,77.8,75.5,77.8,74.9,77.1,76.7,75.2,76.7
53,86,77,52,70,57,24.8,Business,Medium,68.0,65.6,69.5,71.1,72.5,69.5,71.3,73.1,73.1,74.9,76.5,77.6,76.7
79,76,92,72,77,58,5.6,Tech,High,76.8,75.9,76.4,74.9,75.0,75.7,76.4,75.1,77.4,75.0,76.6,76.6,76.1
86,82,86,75,89,86,24.7,Arts,High,83.5,85.3,85.4,84.6,86.8,87.4,89.3,88.1,89.7,87.9,89.2,91.6,91.3
72,53,96,86,50,97,24.5,Tech,High,75.7,77.0,77.7,79.1,80.3,79.6,80.8,80.8,81.7,82.8,82.0,84.5,84.1
88,71,86,73,85,94,20.3,Tech,Low,84.2,84.6,84.1,84.8,84.8,84.7,86.5,84.3,87.6,87.7,86.9,87.0,87.7
94,51,61,98,70,88,17.2,Tech,Medium,74.4,78.0,77.5,76.5,77.3,77.4,78.6,77.0,77.0,78.1,80.2,77.5,78.5
64,59,86,68,92,81,15.3,Business,High,75.2,75.9,76.9,74.7,77.1,77.7,77.7,76.0,77.5,77.5,77.5,78.7,78.7
92,54,98,74,84,66,21.9,Science,High,77.3,79.9,80.8,82.4,81.9,80.4,82.4,85.1,84.6,85.6,85.7,87.8,86.6
78,59,98,70,62,84,8.7,Arts,Medium,74.9,75.4,77.7,77.2,77.0,77.9,76.5,77.1,76.2,76.7,76.4,78.7,77.1
85,82,93,61,98,86,12.8,Business,Low,84.0,86.3,86.9,82.4,86.3,85.7,84.6,86.4,85.9,87.6,85.6,87.1,86.3
62,87,77,90,59,68,16.2,Arts,Low,74.0,73.5,75.6,75.6,76.9,77.1,77.7,78.9,78.6,80.6,80.1,80.5,80.5
81,62,96,82,93,93,11.5,Arts,Medium,84.2,85.1,81.4,87.1,86.0,86.8,86.5,86.5,85.2,87.8,88.5,87.6,87.3
56,80,64,99,96,78,11.8,Arts,High,78.0,79.3,80.7,79.2,80.1,78.7,82.0,82.0,80.9,81.7,81.6,81.4,81.4
71,96,55,53,59,56,9.6,Business,High,67.6,66.3,65.3,65.6,66.8,65.9,65.6,66.5,66.1,66.4,67.1,67.2,68.2
77,85,93,91,95,77,15.0,Science,High,88.7,86.5,87.0,88.1,88.9,89.2,90.4,90.5,91.0,92.1,94.6,92.4,92.4
51,94,69,56,62,58,21.6,Arts,High,64.8,65.1,67.4,67.6,69.7,72.0,73.0,73.2,74.8,74.7,75.3,74.9,76.2
91,73,99,71,86,77,6.6,Science,High,84.7,83.6,83.3,82.4,85.6,84.6,85.7,84.0,85.3,86.5,85.6,86.4,86.5
94,64,63,82,87,55,23.5,Science,High,74.5,76.0,77.1,78.3,79.6,79.3,80.4,83.5,80.0,82.4,84.1,85.1,83.5
55,78,51,66,73,78,17.8,Tech,High,67.3,69.1,66.4,66.4,67.1,68.4,70.0,69.8,70.0,70.9,70.4,72.0,71.2
77,57,58,73,51,66,20.9,Business,Low,64.0,63.1,63.6,65.3,65.4,66.3,67.4,66.6,66.0,69.9,69.2,67.0,67.9
77,54,86,83,71,65,14.8,Business,Medium,72.4,74.6,74.1,75.1,73.9,76.6,74.2,76.9,76.7,76.4,76.0,77.1,77.2
93,78,69,77,66,72,19.9,Tech,Low,77.3,79.2,78.0,76.4,78.1,79.9,78.0,80.9,80.3,81.9,82.9,81.2,82.0
93,96,75,92,85,80,2.4,Tech,Medium,86.8,86.2,87.1,85.4,86.6,86.0,86.0,85.9,87.5,85.2,85.7,85.3,85.4
69,53,78,90,63,52,20.8,Science,High,67.5,67.2,68.2,70.7,70.6,71.1,68.8,71.6,73.1,73.2,74.2,74.4,73.4
79,61,50,88,59,70,2.9,Arts,Medium,66.7,67.7,67.3,68.9,68.4,69.2,70.0,67.4,68.9,70.2,71.3,70.2,69.5
60,94,84,71,84,75,22.5,Business,High,77.7,79.3,79.4,79.9,79.2,82.3,83.6,82.4,84.3,84.6,83.7,88.0,85.5
77,51,55,98,74,85,24.8,Arts,Medium,72.4,75.3,75.7,77.4,75.9,78.7,77.8,79.5,79.3,82.1,82.4,83.0,81.8
74,76,86,66,52,91,8.8,Arts,High,74.4,74.1,76.5,76.5,76.4,76.9,75.7,76.8,76.6,76.0,75.7,77.6,77.4
88,80,54,83,96,86,6.8,Tech,Low,80.1,82.9,79.4,81.8,78.9,81.6,81.7,83.1,81.6,81.5,81.1,82.9,82.2
82,85,82,55,87,71,19.6,Arts,High,77.1,76.7,78.0,77.7,80.2,80.1,79.9,80.1,81.4,81.3,80.7,81.7,81.9
50,85,98,95,66,91,7.8,Science,High,82.2,79.1,79.5,80.4,81.3,80.4,80.9,79.4,82.2,81.7,81.3,79.7,80.8
76,75,63,55,61,61,21.9,Tech,Low,67.2,68.0,66.0,68.8,70.7,69.3,71.6,73.0,73.6,73.8,74.5,76.6,75.3
62,92,61,83,73,91,4.4,Arts,High,77.1,74.9,78.3,77.2,77.3,77.4,77.6,79.3,78.9,79.4,78.0,79.3,78.3
90,76,91,50,78,62,4.9,Tech,Medium,74.5,74.5,75.3,75.8,72.9,74.9,76.0,76.1,76.2,74.7,75.6,75.3,75.5
52,54,69,59,92,60,24.5,Science,Medium,66.7,68.4,66.1,64.6,67.0,65.4,68.0,67.8,69.0,67.7,69.9,70.1,69.8
88,69,99,70,74,65,17.5,Science,Low,78.9,79.3,81.2,79.7,83.4,83.9,83.4,85.9,84.7,87.1,88.3,89.8,88.6
55,60,73,54,85,57,21.5,Arts,Low,64.0,63.6,64.6,65.6,66.7,63.4,67.8,70.3,68.9,67.5,69.0,69.1,68.3
57,59,92,51,75,89,9.5,Tech,Low,69.2,70.8,70.6,70.7,70.7,74.2,70.3,71.9,73.8,72.7,74.2,71.0,72.5
76,89,83,71,87,89,17.6,Arts,High,83.4,83.5,86.2,83.9,85.1,87.1,86.0,85.3,86.8,87.6,88.1,88.8,88.6
58,87,74,97,50,94,15.7,Arts,Low,78.0,77.8,77.9,76.9,78.6,79.4,81.1,80.0,80.7,81.3,81.6,82.4,82.6
86,55,99,51,69,51,15.9,Tech,Medium,68.4,70.3,70.9,70.8,70.5,71.9,71.7,73.6,74.1,74.0,75.3,76.3,75.2
82,57,78,59,77,79,17.7,Arts,Medium,73.0,72.4,74.2,74.9,76.7,76.8,77.5,76.3,79.2,79.4,79.0,81.9,80.9
91,72,88,83,65,79,15.2,Science,High,79.8,82.3,79.2,82.2,80.8,81.8,83.4,83.5,83.6,84.0,84.1,86.5,85.2
93,96,80,65,96,61,11.9,Tech,Medium,81.8,82.3,80.2,82.4,81.6,82.8,81.8,83.2,81.7,82.9,84.2,82.2,83.3
73,75,96,97,66,59,8.3,Tech,Low,75.3,78.7,77.6,78.2,77.4,78.5,78.7,80.5,79.4,78.9,79.3,78.8,79.6
64,95,92,88,89,93,19.7,Tech,Low,87.2,87.3,89.5,90.2,88.1,90.0,90.5,92.5,92.3,93.2,91.6,94.5,93.4
81,92,99,71,77,60,7.2,Tech,High,81.5,82.3,82.4,80.8,82.8,83.3,83.1,85.1,85.5,85.4,84.3,85.7,86.3
81,61,72,61,61,64,17.9,Arts,High,66.2,66.8,68.2,68.0,68.9,66.6,70.4,66.2,68.9,71.0,69.0,67.7,69.2
73,75,93,73,76,65,7.4,Arts,High,76.3,76.9,76.0,75.7,77.6,78.2,77.8,79.9,79.1,79.9,81.3,81.0,80.5
90,62,87,96,91,66,16.4,Science,Low,81.7,82.0,84.9,82.9,82.7,84.8,86.1,86.2,87.0,85.9,88.0,86.8,87.3
98,89,69,89,96,75,19.2,Business,Medium,87.0,86.2,86.9,87.3,89.9,89.8,89.9,91.2,91.6,94.8,92.9,95.2,93.4
98,67,72,87,79,51,7.0,Business,High,75.6,76.7,76.4,77.1,78.2,76.4,75.7,75.2,76.7,77.7,79.4,77.9,77.6
61,74,94,59,90,99,3.4,Science,High,78.5,78.9,79.3,79.2,78.6,80.3,79.2,78.3,78.8,79.9,78.8,79.0,78.8
88,82,65,84,83,61,5.0,Business,High,78.8,76.8,77.8,78.2,78.0,78.3,79.6,78.0,77.7,80.3,79.8,79.8,80.2
51,96,99,98,86,75,15.9,Science,High,85.6,84.5,87.0,85.1,87.2,87.4,88.6,86.2,88.5,89.8,87.1,91.8,90.2
52,89,91,81,55,72,21.5,Arts,Low,73.4,75.4,74.7,75.8,78.4,78.8,79.8,78.9,80.3,80.8,80.6,82.1,81.7
98,92,57,56,56,67,3.0,Tech,Medium,71.6,70.5,69.9,70.5,70.9,71.4,74.5,70.8,72.0,70.6,72.7,71.5,71.9
86,61,99,70,81,81,18.9,Tech,High,80.6,80.3,80.8,81.5,80.2,82.1,82.5,85.2,84.5,83.7,85.3,83.3,84.1
98,93,70,69,81,98,9.9,Arts,Medium,85.5,84.8,84.4,83.8,85.4,84.7,84.1,84.6,84.5,83.4,83.9,84.6,84.7
66,85,50,75,74,87,13.0,Tech,High,71.6,71.8,77.6,76.0,76.0,76.9,76.5,77.8,77.5,77.3,78.4,77.4,78.4
98,97,57,53,82,96,23.4,Tech,Low,82.2,80.3,83.2,81.5,83.8,84.2,84.8,84.2,87.2,86.4,88.8,89.4,88.4
51,53,78,95,56,52,9.6,Business,High,63.7,64.7,64.0,63.7,64.0,65.9,65.6,64.3,67.2,65.3,65.0,63.3,65.1
51,54,81,71,61,87,12.7,Arts,High,67.4,67.2,67.1,70.1,69.6,68.7,67.8,69.4,69.7,70.1,67.7,70.1,70.2
77,86,87,64,65,52,2.3,Business,High,74.5,72.9,69.9,71.3,72.3,70.9,74.1,70.8,70.6,72.1,71.9,72.2,71.6
72,57,54,89,65,79,3.9,Business,Medium,69.5,70.0,67.8,67.4,67.8,69.1,69.1,67.7,68.8,68.1,68.4,67.8,67.5
86,91,96,70,92,50,7.9,Tech,Medium,80.5,81.7,81.1,81.3,81.2,80.9,79.6,81.1,83.3,80.9,80.6,80.9,81.6
81,98,71,64,85,79,2.6,Tech,Medium,77.3,81.2,80.7,78.7,77.7,79.6,78.1,78.5,78.2,78.2,78.1,78.9,78.2
82,77,96,71,62,94,16.5,Arts,High,82.1,80.9,82.5,80.9,82.8,79.7,83.6,85.0,84.3,84.7,83.0,83.6,84.5
50,80,83,77,56,81,11.8,Tech,High,70.0,72.2,71.9,70.7,71.8,72.2,73.5,72.9,73.9,73.9,70.5,73.2,73.2
68,58,50,63,85,77,14.6,Tech,High,65.9,66.4,66.8,70.0,66.9,67.0,66.2,68.1,68.7,66.7,68.9,68.7,68.0
51,78,75,76,96,70,6.0,Arts,Medium,74.5,77.8,76.1,76.0,76.7,76.2,78.5,78.8,78.9,77.7,79.7,80.7,80.2
93,63,92,90,58,95,8.8,Tech,High,83.7,84.7,82.6,81.6,84.0,83.9,82.9,85.9,85.0,85.4,88.2,86.3,87.0
75,89,59,89,81,62,17.3,Business,Medium,76.9,76.5,78.5,78.5,78.3,77.1,77.9,78.2,78.5,79.9,80.1,80.7,79.5
81,90,79,77,60,76,24.2,Arts,Low,77.7,78.9,78.9,80.4,81.0,81.0,82.8,82.1,83.5,84.9,84.0,85.1,85.0
55,71,99,75,57,85,3.2,Tech,Low,74.1,75.3,74.0,73.5,74.3,73.2,74.2,75.1,75.9,74.3,75.3,76.2,75.5
81,60,67,98,82,56,22.5,Science,High,74.2,75.4,74.1,76.1,78.6,78.9,77.8,81.2,81.2,81.9,82.9,84.6,83.1
53,72,66,51,72,71,15.3,Arts,High,64.6,64.0,64.7,65.8,65.8,67.0,66.0,67.2,66.0,68.4,67.8,68.2,67.1
60,50,75,74,74,59,15.0,Arts,High,66.0,67.3,67.8,67.3,67.7,68.9,68.6,69.5,70.9,71.3,71.8,73.1,72.0
66,95,57,52,57,88,13.5,Science,Medium,70.4,69.7,68.8,68.2,70.3,71.4,71.5,71.9,72.2,73.0,73.0,72.3,72.1
87,86,96,57,94,64,3.6,Tech,Low,81.5,80.6,79.5,81.9,79.9,81.0,78.9,79.4,79.9,80.4,78.9,79.9,79.1
73,70,89,93,71,64,4.1,Tech,High,77.4,76.3,78.1,77.1,78.3,79.2,77.4,78.5,77.8,78.0,78.1,79.5,79.3
54,75,98,82,53,53,15.8,Arts,High,69.4,68.7,69.5,73.1,71.9,74.7,71.4,73.6,74.5,75.1,75.8,75.3,76.5
83,95,61,91,89,81,9.8,Arts,Low,84.7,84.9,86.4,87.3,86.3,86.9,88.2,88.5,90.3,90.1,90.9,91.7,91.4
55,85,76,84,52,72,23.1,Tech,Low,71.0,72.3,71.3,71.2,74.5,72.2,73.2,75.0,72.7,74.5,73.6,75.5,75.2
71,72,57,55,78,55,11.4,Tech,High,64.0,65.2,65.5,67.3,67.6,67.9,66.3,68.0,66.2,69.6,67.8,70.1,69.5
60,50,74,88,90,73,5.3,Business,Medium,72.2,74.1,71.6,72.1,72.1,73.6,73.2,73.2,74.6,73.6,73.7,73.2,73.3
97,89,95,72,78,69,18.4,Arts,High,84.0,83.8,85.5,83.8,86.8,87.6,88.5,86.6,89.1,86.3,89.4,89.6,90.4
65,64,53,74,83,86,8.7,Arts,High,71.7,69.7,73.2,70.3,70.8,72.6,70.4,70.3,71.2,69.2,70.4,71.2,70.5
82,70,82,99,83,69,14.1,Science,Low,80.8,81.0,82.0,81.8,81.9,81.7,82.1,81.7,81.0,80.0,82.0,81.2,82.5
58,96,50,92,77,61,18.1,Business,Low,71.4,72.9,72.4,73.2,74.1,74.7,74.9,74.1,76.0,75.7,77.4,77.7,76.2
55,58,68,68,62,82,22.7,Tech,Medium,66.1,67.4,68.4,67.5,69.6,68.0,68.4,70.2,71.0,71.6,73.2,72.3,72.5
65,58,80,54,64,77,20.2,Business,High,66.8,66.4,67.2,69.1,68.7,70.9,71.2,69.1,68.3,70.6,69.5,71.3,71.1
78,59,65,60,72,57,17.6,Tech,Low,65.9,67.6,68.2,67.5,67.9,68.1,68.6,69.7,71.6,69.7,70.7,72.4,71.8
52,75,63,61,93,50,17.6,Tech,High,67.2,68.9,68.3,67.3,69.8,69.0,70.6,70.7,71.3,72.5,73.2,73.6,73.0
69,90,97,59,75,86,23.8,Business,High,81.0,80.7,78.5,82.8,83.1,83.2,85.0,84.0,85.2,87.0,87.6,86.3,87.7
85,84,54,57,53,71,8.8,Arts,Medium,67.2,69.6,67.8,69.5,69.9,69.6,70.6,70.8,71.4,71.0,72.7,74.0,73.2
68,74,90,73,75,55,2.0,Tech,High,72.0,71.7,73.8,70.4,73.4,72.5,73.9,73.5,71.5,72.2,72.6,74.2,73.9
75,75,75,77,89,70,8.3,Business,Medium,75.8,77.9,77.0,77.3,76.8,76.3,77.1,78.1,77.5,76.9,76.2,76.3,76.9
52,60,77,90,58,81,7.0,Science,Medium,70.8,71.5,69.9,71.7,71.7,70.7,71.1,73.1,73.6,75.5,73.6,73.8,74.5
68,87,51,85,54,84,17.2,Business,High,73.3,73.0,71.8,72.8,72.5,72.7,73.4,73.4,74.2,76.4,75.4,75.1,75.4
69,51,99,86,81,64,16.6,Science,High,75.3,76.1,74.8,78.2,77.1,80.3,78.4,79.9,81.4,81.2,82.9,80.5,81.8
81,56,55,70,69,54,15.6,Tech,High,64.6,62.5,66.0,66.1,66.4,68.8,68.3,71.1,68.7,70.0,70.7,73.7,72.0
56,67,58,57,99,95,2.4,Business,High,73.6,71.6,74.6,72.9,71.3,73.7,71.6,74.0,72.6,74.2,72.4,75.1,73.6
90,76,82,58,60,99,18.8,Business,Medium,78.2,77.3,79.0,76.8,77.7,80.0,80.1,79.8,78.6,79.2,79.8,80.6,80.1
82,83,90,96,64,97,9.4,Science,Low,85.9,84.5,87.8,86.1,85.6,87.7,87.5,86.7,85.8,85.4,87.3,86.1,86.3
89,76,74,64,81,55,17.3,Business,High,72.6,74.6,76.0,77.7,76.5,75.3,78.7,79.8,79.1,77.6,78.9,80.8,81.0
88,66,97,97,77,74,14.8,Business,High,84.2,83.4,85.2,83.5,84.6,84.0,86.8,87.0,86.7,86.7,88.4,88.1,87.3
67,92,62,95,71,95,9.9,Tech,Medium,79.7,80.0,83.1,80.6,79.3,81.1,81.8,83.0,82.4,82.3,83.1,85.3,83.5
89,93,58,89,90,89,5.1,Business,Low,83.8,84.1,85.8,85.0,87.5,85.7,85.8,87.8,86.1,87.3,86.7,87.1,87.7
50,73,62,67,66,78,4.2,Arts,High,65.9,65.7,66.5,67.0,68.2,67.0,66.8,66.7,69.7,66.0,66.9,67.6,68.7
60,74,80,91,75,56,21.1,Science,High,72.7,74.9,75.4,73.9,76.0,75.7,77.4,75.8,80.3,78.6,79.7,81.1,79.6
77,56,90,69,93,89,23.1,Business,Medium,79.3,79.4,82.1,81.6,83.6,82.5,83.0,83.5,84.0,82.0,84.8,83.7,85.5
74,55,60,55,56,62,16.9,Science,High,59.3,60.6,61.0,62.7,61.2,62.6,62.9,63.4,62.9,65.1,64.6,63.8,64.8
99,73,53,61,91,87,4.4,Science,High,78.5,77.4,77.4,78.9,80.5,78.1,80.4,78.8,81.1,80.4,79.2,80.2,80.4
72,82,83,51,75,67,11.2,Science,Medium,73.2,72.7,72.9,71.4,72.5,71.7,74.7,75.4,73.5,75.1,75.4,74.5,76.1
80,98,87,56,74,51,18.8,Business,Medium,72.8,75.7,76.5,77.1,76.7,75.9,76.5,75.9,77.9,79.2,78.6,80.6,79.5
79,78,95,65,59,57,19.9,Business,Medium,73.8,70.5,75.0,75.8,74.3,75.7,76.2,77.1,77.6,78.0,79.5,81.2,80.3
91,92,53,52,94,60,4.7,Science,Medium,73.0,74.9,72.5,74.9,74.2,74.0,75.0,73.9,73.4,74.7,74.0,74.2,74.8
84,71,87,94,68,82,2.0,Arts,Medium,81.8,82.3,82.6,81.0,80.9,79.3,81.4,78.6,79.9,80.9,78.5,81.2,79.9
56,75,68,52,60,87,18.4,Science,High,66.6,65.9,66.7,67.9,67.8,67.8,69.2,70.5,68.4,66.5,72.7,71.7,70.3
65,77,55,76,62,97,10.2,Arts,High,72.1,71.2,72.0,73.4,73.2,71.4,74.5,71.4,72.8,72.5,71.6,73.0,73.1
75,99,83,99,57,76,7.9,Science,High,81.5,81.3,81.0,84.0,82.3,82.3,84.2,82.1,82.9,83.0,83.3,82.8,83.3
97,70,67,92,89,69,2.3,Tech,High,82.1,80.4,84.1,80.8,81.4,81.2,82.9,83.7,82.4,83.1,81.8,86.1,83.8
98,98,62,89,53,61,14.4,Science,Medium,75.8,77.5,77.7,78.8,77.4,77.3,77.6,79.3,78.5,80.5,77.3,80.2,79.5
51,56,90,87,96,92,21.6,Science,Low,79.8,77.9,79.5,80.9,82.3,80.8,81.3,82.1,83.6,83.2,85.0,85.8,85.5
50,66,72,82,80,80,24.0,Business,Low,73.3,71.5,74.0,73.5,73.5,74.5,74.7,76.3,76.9,76.0,77.3,79.0,77.6
97,69,68,77,77,76,15.0,Arts,Medium,78.4,79.5,79.1,77.1,79.9,78.5,80.4,80.3,80.2,78.7,82.2,81.6,81.3
61,90,94,50,60,81,13.8,Tech,High,75.1,71.9,72.8,72.8,74.4,74.1,75.2,75.8,74.3,75.1,74.1,73.3,73.8
54,98,60,57,92,59,4.0,Arts,High,69.5,71.4,71.0,69.3,68.7,70.8,70.9,70.9,71.2,70.4,70.6,70.9,70.8
86,69,50,86,50,52,14.6,Tech,Low,66.8,66.5,65.7,66.4,68.3,67.4,69.0,68.0,69.1,68.4,68.2,70.5,69.5
81,71,73,81,98,94,10.7,Science,Medium,83.3,81.9,83.6,83.3,86.9,84.4,85.3,85.0,87.6,86.5,88.4,85.3,87.3
58,77,56,97,96,76,16.0,Business,Medium,78.3,78.2,76.0,78.0,79.1,79.7,80.3,79.4,79.5,81.7,82.4,81.6,81.9
90,89,74,92,87,84,10.9,Business,Medium,86.1,86.0,84.9,85.9,87.0,87.1,87.3,85.8,86.2,87.1,85.6,88.3,86.9
84,98,70,86,73,80,7.5,Arts,Medium,81.8,82.1,84.8,83.4,84.7,84.2,82.5,86.2,86.9,88.2,86.0,85.8,86.3
68,56,64,53,96,64,4.2,Business,Low,68.3,67.4,68.9,65.8,67.3,69.3,67.4,68.0,67.8,68.7,68.5,70.0,68.5
97,50,50,79,80,65,9.2,Arts,High,69.9,71.2,71.0,69.8,71.7,72.2,72.9,72.8,69.7,72.3,72.7,74.7,73.3
65,81,61,55,90,62,4.2,Arts,Medium,67.7,69.9,71.0,69.8,68.2,70.5,70.0,71.3,69.7,69.4,70.9,70.1,70.2
52,62,56,95,95,98,6.1,Tech,Low,75.9,77.6,76.4,75.8,76.8,76.9,75.6,74.5,77.0,76.6,77.9,76.5,77.1
69,79,64,68,99,84,24.7,Arts,High,78.4,78.9,78.9,80.9,80.9,81.8,79.3,83.7,80.4,82.2,84.2,84.7,85.0
73,72,70,81,75,60,12.2,Tech,Medium,73.6,71.2,73.0,73.6,74.3,73.3,74.1,74.9,76.6,75.7,75.7,79.1,76.4
82,68,68,58,98,70,14.2,Business,High,74.2,73.7,74.1,74.9,75.4,73.9,74.4,75.0,73.9,75.5,76.2,76.7,74.8
73,81,78,61,99,60,22.1,Arts,Low,77.1,79.2,76.5,78.6,76.9,78.5,77.7,78.2,79.8,79.4,81.4,81.0,80.9
60,79,74,60,54,79,24.9,Arts,High,66.9,69.5,70.5,69.7,70.0,71.5,71.9,71.5,72.6,72.6,74.1,74.0,74.6
98,78,82,95,69,97,15.4,Science,Medium,86.5,89.7,87.9,87.6,90.5,89.6,90.0,90.4,89.0,92.3,89.5,91.7,91.6
57,98,98,65,90,84,20.7,Arts,High,82.4,84.8,84.9,85.7,85.4,87.4,87.7,90.1,87.4,87.7,90.2,90.8,90.6
85,94,81,50,60,71,9.5,Arts,Medium,73.5,74.0,74.9,74.4,74.2,72.7,71.9,75.4,73.5,72.5,75.4,73.6,74.8
87,78,98,94,82,87,9.0,Science,High,87.9,88.3,88.5,88.1,88.3,87.6,87.4,90.1,90.1,88.0,86.5,89.5,89.4
89,79,84,70,99,80,11.3,Science,High,84.4,83.9,83.1,85.7,83.7,84.9,84.6,84.9,85.2,84.0,86.0,87.2,85.9
69,65,93,79,87,63,17.5,Business,High,75.9,74.9,75.5,77.0,79.1,77.1,78.7,77.8,78.2,79.4,78.9,77.8,79.6
84,89,87,62,76,73,17.7,Arts,Low,79.0,79.3,79.8,80.1,79.9,84.2,81.7,80.8,81.0,82.0,82.5,83.9,83.1
97,68,75,83,83,99,9.3,Business,High,84.5,86.1,85.1,85.6,84.8,86.8,87.2,86.6,88.6,87.6,87.2,89.9,88.5
74,67,60,53,64,98,5.1,Business,High,68.4,68.6,69.3,68.2,68.7,69.0,68.6,66.9,70.4,70.0,68.7,68.2,68.8
84,50,84,77,81,81,16.5,Science,Medium,76.5,77.6,77.6,78.2,76.6,78.6,79.2,79.3,81.7,80.3,82.9,83.7,82.0
74,63,57,87,70,85,5.0,Tech,Medium,72.4,73.2,74.8,73.4,71.2,71.3,70.8,70.9,71.8,71.9,70.5,70.1,70.8
78,96,95,80,95,81,15.3,Business,Low,87.6,87.2,87.0,89.1,88.0,89.3,90.3,89.7,90.4,91.9,91.7,91.4,91.0
67,99,63,76,54,64,17.9,Tech,High,70.9,70.8,69.7,72.1,73.1,73.0,72.3,73.8,72.8,74.0,74.0,74.9,75.2
95,51,59,54,55,92,18.1,Arts,Medium,68.5,68.1,70.2,70.4,70.6,71.6,73.6,73.9,74.0,75.7,76.4,76.1,76.4
67,77,51,74,87,84,19.3,Science,High,73.3,73.4,74.3,75.4,76.4,75.7,76.6,76.8,76.6,77.5,78.2,78.0,78.6
51,98,95,52,71,52,22.1,Arts,High,71.3,68.9,70.7,71.3,72.2,72.3,71.1,70.8,69.7,72.6,72.3,72.8,72.1
84,99,58,82,67,65,13.5,Arts,Medium,74.7,74.9,76.4,76.5,76.6,77.3,75.2,73.9,76.9,74.3,75.9,76.7,75.9
65,79,52,53,63,54,18.8,Science,Medium,60.8,63.4,63.7,62.6,63.2,64.1,63.0,64.2,64.6,64.1,66.9,66.6,66.7
90,87,70,74,59,70,16.2,Arts,Medium,78.3,75.1,75.0,77.4,77.7,76.7,77.9,78.1,80.8,79.7,78.0,79.7,81.1
85,53,75,69,95,59,6.3,Science,High,71.8,73.2,72.8,74.0,72.2,74.5,73.9,74.9,75.5,74.0,73.7,75.7,75.3
82,50,57,83,62,68,2.6,Tech,High,65.7,66.7,67.7,66.4,67.3,69.1,65.3,68.6,68.4,67.4,68.4,68.5,68.1
53,57,97,75,80,74,8.5,Arts,High,73.8,74.7,74.6,74.4,73.8,76.5,75.3,76.8,76.9,76.5,75.1,77.3,77.5
82,78,51,54,79,53,12.2,Science,Low,64.3,67.9,69.0,64.8,67.9,68.2,68.6,68.6,67.5,69.0,68.0,70.6,68.7
63,88,55,84,52,78,16.2,Business,High,70.3,72.0,72.6,72.7,75.3,74.7,74.4,74.3,76.8,75.1,76.0,75.0,76.6
70,52,77,77,79,68,21.5,Arts,High,72.9,71.3,71.2,72.2,72.3,72.2,71.9,72.1,72.9,72.3,72.6,71.5,73.7
97,81,78,78,55,92,6.5,Tech,High,78.6,80.0,79.3,81.0,78.2,80.9,80.3,79.5,80.6,79.9,79.6,79.6,80.3
69,59,75,58,78,51,4.9,Science,Medium,62.8,63.5,63.9,63.9,63.8,63.3,63.2,62.1,62.8,62.5,63.3,63.6,62.9
57,59,74,87,57,59,24.2,Arts,High,64.6,68.6,66.6,68.0,68.4,69.1,69.6,71.0,69.6,70.1,72.7,71.1,72.2
56,68,61,99,93,92,4.5,Arts,Low,79.2,77.6,79.1,80.0,78.8,80.1,80.4,78.8,79.6,77.6,78.3,78.4,79.4
52,95,54,55,94,74,13.0,Arts,High,72.1,72.0,72.0,73.5,71.7,72.1,74.0,72.2,74.0,74.2,73.9,75.8,74.8
66,83,83,68,92,69,15.5,Tech,Low,76.7,78.7,76.7,78.4,79.1,78.4,80.1,79.2,79.6,80.2,80.5,82.1,81.6
82,82,97,93,93,97,14.5,Science,High,91.6,90.5,90.9,91.7,90.5,92.0,91.7,91.5,91.1,93.7,90.6,93.6,93.2
97,72,86,60,82,68,4.0,Business,Medium,79.0,78.7,78.6,78.9,76.9,77.7,78.7,78.1,76.8,76.7,78.4,79.1,78.3
61,77,64,51,66,72,3.3,Business,Low,66.8,65.6,65.0,63.0,65.0,64.8,62.3,64.9,64.9,63.0,64.3,62.8,63.2
71,81,93,96,97,73,4.4,Business,High,85.3,87.6,86.7,86.2,85.8,86.7,87.3,87.5,87.6,90.3,89.9,88.8,89.2
71,99,85,93,60,60,15.5,Science,Low,76.0,78.2,79.4,80.7,80.2,81.7,80.9,78.4,80.7,80.4,80.8,82.8,82.0
95,56,64,93,62,95,14.5,Business,High,77.0,76.8,80.0,79.6,77.5,77.9,80.2,79.6,81.5,80.1,79.4,79.6,80.9
79,78,92,58,99,83,7.4,Tech,Low,81.5,81.9,83.1,83.7,85.5,85.5,85.3,84.9,84.4,84.8,86.5,84.8,86.9
87,57,97,70,60,77,16.7,Science,Medium,74.6,75.3,74.9,74.0,74.9,75.2,76.4,76.1,75.8,75.4,77.8,76.8,77.2
87,50,72,73,80,54,20.9,Arts,High,69.5,70.1,69.4,70.6,70.8,69.6,71.5,71.4,71.6,74.3,73.2,74.3,73.4
94,52,55,83,77,54,3.0,Tech,High,70.2,68.6,69.1,68.2,69.0,68.8,69.0,68.5,69.8,68.3,68.3,68.2,67.9
57,73,95,71,93,70,13.5,Arts,High,78.1,75.2,75.0,78.1,77.6,78.2,77.8,79.2,81.4,79.9,81.2,81.3,80.4
76,72,99,52,55,61,17.9,Business,High,69.5,70.7,70.5,70.4,71.9,71.2,72.0,73.3,74.6,72.7,74.1,73.4,75.4
76,57,93,61,90,99,7.8,Tech,High,80.8,82.0,80.1,79.6,81.5,79.6,81.7,82.3,83.0,82.9,82.7,83.5,83.2
83,96,92,77,65,53,9.1,Science,High,78.7,79.4,78.3,78.2,81.9,81.6,82.4,82.5,83.0,85.4,86.5,86.2,85.5
70,86,94,79,53,98,16.1,Tech,High,80.1,80.7,79.1,81.3,80.9,81.1,78.3,79.7,82.2,81.4,80.1,78.9,80.3
79,52,70,75,84,91,22.7,Arts,Medium,76.7,77.1,78.0,77.4,78.3,79.8,80.3,81.9,81.5,82.5,81.3,84.1,83.2
82,82,72,97,97,69,20.6,Science,High,83.7,84.4,84.7,85.0,85.1,85.7,86.9,87.1,87.8,86.2,87.1,88.1,88.2
77,77,92,70,75,87,15.4,Tech,High,82.0,81.2,80.6,80.8,83.4,81.9,81.6,82.8,82.1,82.8,81.9,86.2,83.1
96,96,65,77,61,74,18.8,Tech,Medium,77.1,79.3,79.6,78.6,81.0,80.4,83.1,82.3,81.2,82.5,82.6,80.4,82.6
82,57,96,75,60,63,10.4,Tech,High,71.8,72.1,72.6,71.4,71.8,71.4,72.3,73.6,74.8,71.5,72.5,74.9,73.5
54,83,64,82,86,60,16.7,Tech,High,72.1,72.1,74.8,73.3,75.1,74.3,76.0,78.0,78.3,77.4,79.5,79.5,79.9
97,84,74,70,74,81,12.7,Science,High,80.9,80.7,81.5,81.1,82.0,82.5,82.8,82.1,85.6,85.5,84.3,83.9,85.5
68,81,85,84,67,60,6.4,Arts,Low,75.6,74.8,73.2,75.2,74.8,75.0,75.2,75.7,75.9,76.7,73.8,75.6,76.1
53,73,60,83,68,67,18.1,Tech,Low,68.0,68.4,71.0,69.3,69.5,72.3,71.8,72.6,72.6,72.6,75.1,75.8,75.5
84,63,64,90,72,76,14.8,Science,High,73.5,75.4,75.5,77.0,75.0,76.3,74.2,77.4,75.3,76.8,76.2,77.2,76.2
98,81,53,96,87,67,10.2,Arts,Medium,81.2,80.8,79.8,81.5,82.3,81.1,80.0,81.5,80.7,80.7,81.2,82.4,80.7
66,95,70,67,67,72,23.0,Tech,Medium,73.8,74.1,72.2,74.5,74.5,73.8,74.2,73.9,74.1,75.8,74.5,76.8,75.4
93,92,62,60,75,60,2.5,Arts,Medium,71.7,74.8,73.9,73.3,70.9,72.0,74.5,73.6,72.1,72.5,72.3,72.0,73.0
77,65,71,72,55,70,9.3,Arts,Medium,68.6,68.9,69.0,70.9,70.8,70.3,72.3,70.5,71.8,71.5,71.5,72.5,71.4
79,53,68,97,53,93,3.3,Science,Medium,72.3,72.7,75.7,74.0,75.4,74.9,75.8,75.1,74.2,75.6,76.4,75.4,75.0
78,86,83,71,93,54,19.6,Arts,High,77.4,78.2,78.7,79.5,79.7,78.2,80.3,80.6,82.3,82.3,83.2,83.0,83.7
95,70,63,66,78,72,18.1,Science,High,73.3,74.5,73.8,75.0,75.8,74.5,74.8,76.1,76.2,76.2,76.8,76.4,76.6
55,63,53,54,83,90,9.6,Tech,High,67.5,65.2,68.3,68.5,67.3,67.9,68.8,69.1,69.1,69.4,70.1,70.1,70.8
84,80,97,93,66,74,17.5,Arts,Low,82.9,84.7,84.7,84.9,84.3,85.3,87.5,86.5,88.1,88.8,86.1,88.1,88.1
90,97,95,60,92,90,11.1,Arts,Medium,86.4,88.3,88.7,88.4,90.8,88.9,89.9,89.8,89.8,91.2,92.7,91.4,92.1
86,67,76,79,92,59,19.4,Business,Low,77.5,77.2,77.7,76.6,77.1,77.5,76.3,77.2,78.3,77.2,79.2,77.5,78.5
73,56,78,64,65,71,12.4,Tech,Low,66.8,69.9,68.9,69.9,67.8,69.8,69.9,71.9,71.4,70.8,72.5,72.7,72.2
78,59,96,76,51,68,11.5,Tech,High,71.8,70.9,71.8,72.4,71.7,71.7,72.7,71.0,72.1,72.3,72.1,73.0,72.4
98,56,77,84,83,50,23.5,Business,Medium,74.4,76.3,77.4,76.4,77.2,77.1,79.0,77.8,78.0,80.6,81.0,80.7,80.9
95,82,84,82,57,56,7.8,Business,Medium,75.9,76.5,77.5,75.5,78.6,77.1,77.8,78.2,79.4,77.5,80.0,80.8,79.4
80,72,57,69,62,53,4.8,Science,Low,66.1,65.6,65.7,65.8,66.2,65.2,67.1,65.8,67.4,68.7,68.6,66.8,67.1
84,70,65,65,91,50,15.4,Science,Low,71.6,70.6,72.9,72.4,71.6,72.7,70.3,71.9,72.4,73.6,74.5,73.5,73.8
82,68,91,83,57,64,24.3,Arts,Medium,76.1,77.1,73.6,78.4,78.3,78.4,78.5,79.2,80.4,80.7,81.0,82.2,81.5
70,97,85,51,79,89,10.7,Arts,High,78.4,78.1,80.6,77.3,78.7,77.8,79.4,77.1,78.9,78.5,77.3,78.5,78.6
81,68,79,84,81,61,3.4,Arts,Medium,76.3,76.9,74.8,76.4,76.3,78.9,76.8,76.9,76.9,78.5,78.9,79.1,79.0
72,85,67,89,85,71,9.8,Arts,High,77.9,76.7,78.2,78.6,80.4,79.1,78.8,81.9,79.2,80.1,80.7,78.2,80.7
82,78,51,77,96,71,13.6,Science,Medium,76.5,78.1,77.4,79.3,78.7,80.5,77.7,80.5,81.7,82.2,82.4,82.2,82.2
52,67,98,96,79,99,5.7,Tech,Low,82.3,83.0,81.9,82.0,82.1,81.5,83.8,81.5,82.6,82.4,83.8,80.7,82.5
67,51,62,88,50,96,17.1,Arts,High,69.2,69.8,71.0,69.5,70.9,69.0,70.7,72.2,71.5,73.2,72.7,71.9,73.1
74,50,53,55,92,66,24.9,Tech,Medium,63.7,65.8,65.4,67.5,66.4,68.4,68.7,69.5,68.6,69.5,72.5,69.6,70.9
91,96,75,58,88,78,12.4,Arts,High,81.8,82.3,82.6,82.4,82.8,84.0,84.8,85.7,84.6,85.8,84.3,85.5,86.5
80,54,74,69,66,95,10.2,Business,High,73.5,75.6,72.8,72.3,73.7,73.8,75.4,73.9,73.8,73.5,74.9,74.1,74.6
52,69,79,50,69,63,11.2,Arts,High,63.4,62.7,65.1,64.3,65.4,65.3,66.2,67.7,66.3,68.7,67.1,67.8,68.3
89,60,60,57,73,99,4.6,Arts,Medium,71.8,73.9,73.1,74.9,74.5,73.3,72.8,71.4,71.7,72.7,71.6,74.3,73.6
95,91,56,72,99,69,22.3,Arts,Low,82.0,79.9,81.1,81.6,81.7,81.2,82.1,81.1,83.5,82.3,82.7,83.3,83.1
73,51,80,52,71,99,11.5,Science,Low,71.7,71.4,71.0,71.9,72.8,71.8,73.6,72.7,73.7,72.6,71.7,71.4,73.3
99,52,93,53,78,97,10.9,Business,High,78.5,78.6,78.4,78.7,79.1,80.0,79.0,79.6,78.1,79.1,79.4,79.7,79.6
81,72,59,74,71,82,17.2,Arts,Low,72.5,73.6,74.8,75.2,76.4,76.0,75.3,75.7,77.2,78.3,78.0,78.7,78.4
96,61,88,96,93,92,12.2,Arts,Medium,86.9,87.9,88.9,88.4,88.6,88.9,86.8,88.7,87.7,88.4,89.9,88.6,88.9
71,69,62,87,58,64,16.9,Tech,High,70.4,68.5,69.6,71.1,71.4,71.7,71.3,72.5,73.4,75.6,73.3,75.3,75.4
72,54,80,64,86,61,3.4,Business,High,69.7,70.7,68.8,69.9,69.8,69.6,70.8,69.8,69.8,69.3,71.1,70.5,70.3
51,86,56,70,59,89,20.7,Arts,High,68.4,67.7,70.6,71.3,70.0,70.3,71.6,73.5,72.5,73.6,74.0,75.2,74.4
76,87,98,84,85,69,23.6,Tech,Low,84.4,85.1,85.2,86.0,87.2,87.0,87.5,89.7,91.5,89.4,91.9,90.0,91.6
91,79,91,95,86,79,16.9,Tech,Medium,86.6,87.7,89.4,88.2,89.7,87.0,90.2,90.5,91.6,93.1,92.8,93.6,93.8
51,58,91,63,77,87,24.0,Science,Medium,73.3,71.2,72.0,72.9,73.6,74.1,75.4,74.9,75.7,77.1,76.4,79.8,78.3
75,83,85,85,77,52,5.5,Tech,High,77.5,76.4,74.4,74.2,77.3,76.2,76.0,75.8,75.5,76.1,75.1,77.7,76.3
66,93,69,61,91,77,13.0,Arts,Medium,75.7,74.7,75.7,78.3,75.1,76.9,76.1,76.4,77.5,77.6,75.2,77.4,76.5
89,84,53,66,92,75,15.8,Science,High,76.2,77.1,76.6,78.5,77.5,77.9,79.8,78.1,77.4,78.7,80.1,80.4,79.9
82,71,56,88,70,79,15.4,Science,High,72.0,73.5,75.1,74.6,76.8,76.4,77.8,77.6,76.1,77.7,78.9,79.4,77.7
58,93,50,58,73,62,11.2,Arts,Medium,64.5,66.7,65.9,66.6,67.5,65.3,66.1,68.4,69.8,67.8,68.3,71.1,69.2
92,73,93,84,91,62,9.8,Business,High,81.3,81.9,83.8,82.6,83.4,83.5,84.1,84.4,84.4,84.4,85.1,84.6,84.7
97,66,94,62,89,51,4.9,Tech,Low,76.9,76.5,76.9,79.0,77.9,76.2,77.4,77.1,78.8,77.6,77.5,78.3,79.3
88,59,91,64,51,86,11.0,Science,High,73.0,73.8,73.8,72.4,74.2,73.0,74.1,75.7,76.8,74.2,75.2,74.9,75.2
78,79,96,67,57,98,5.7,Business,Medium,78.0,78.7,79.7,79.8,78.3,79.8,80.4,77.4,80.6,80.4,81.3,83.9,80.8
91,95,62,82,97,87,18.9,Arts,High,86.1,86.9,87.9,88.2,88.7,91.0,90.1,91.9,91.0,94.2,91.6,92.1,93.7
75,72,71,55,76,51,6.8,Tech,Medium,67.4,65.6,67.3,68.4,69.4,68.4,68.5,69.4,68.4,69.0,69.0,68.9,69.4
84,81,70,76,71,85,3.3,Tech,High,78.4,78.6,78.6,78.0,77.5,78.3,79.0,78.0,77.3,80.2,79.3,77.3,78.7
99,66,71,72,86,75,14.7,Science,High,76.5,80.5,78.2,77.5,79.2,79.8,80.3,81.6,81.8,81.1,78.2,81.5,81.4
74,99,77,76,76,60,15.7,Tech,Low,77.2,80.4,79.2,77.9,77.9,78.0,78.3,79.2,80.1,79.4,81.5,79.2,80.4
73,66,58,83,78,57,22.1,Tech,High,68.2,70.1,70.2,69.8,71.1,71.1,71.4,72.5,74.0,74.8,74.0,74.0,74.1
62,63,75,95,52,93,15.3,Tech,Low,74.5,74.7,72.9,74.6,74.2,75.5,73.9,76.0,77.1,76.7,77.2,74.8,76.8
56,58,58,87,93,89,9.9,Tech,Low,74.7,72.5,74.8,76.4,75.9,74.4,75.3,79.7,76.5,76.6,77.2,78.6,78.0
85,89,64,63,62,92,20.5,Arts,High,75.4,78.3,76.4,76.0,78.4,79.3,81.1,81.0,79.1,81.0,79.3,82.7,81.5
94,51,59,85,94,71,14.4,Business,High,75.0,76.7,76.7,75.4,77.1,76.1,75.8,77.5,76.8,76.7,77.7,76.9,77.3
69,94,73,57,59,69,3.8,Arts,Medium,70.1,70.5,73.5,71.2,71.0,73.3,71.7,72.3,72.8,72.0,74.3,74.7,74.8
50,74,91,84,85,57,15.0,Arts,Low,71.7,75.6,74.0,74.8,75.3,77.0,76.8,77.0,77.5,78.7,78.2,78.4,78.6
57,88,57,68,58,78,22.9,Science,Low,68.3,68.1,69.0,69.8,69.1,68.0,69.9,69.5,71.8,72.1,72.5,71.9,71.7
95,58,73,79,76,89,11.1,Tech,Medium,78.3,78.3,77.2,79.0,79.8,79.0,79.6,80.8,80.0,82.2,81.4,80.8,80.8
65,71,65,63,83,75,8.8,Arts,Medium,71.5,71.3,71.5,71.7,70.7,70.9,73.4,72.4,72.6,73.1,74.9,74.0,73.2
63,92,98,69,50,79,5.3,Tech,High,74.5,74.9,75.5,76.2,78.2,75.9,78.7,77.4,78.8,79.1,79.9,81.4,80.2
61,95,75,98,81,66,5.5,Arts,Low,78.7,80.3,78.6,79.4,80.3,78.0,78.5,79.1,79.7,79.7,78.2,78.0,78.8
72,53,76,74,74,69,12.0,Arts,Low,68.6,69.5,69.9,72.3,71.0,74.9,72.5,72.5,73.1,75.1,74.6,74.9,75.2
64,75,86,89,78,65,15.7,Science,High,75.8,76.4,78.8,77.9,78.8,80.5,80.1,81.3,79.6,84.1,83.5,84.6,83.7
77,78,53,73,56,95,3.9,Business,High,70.8,71.1,73.0,72.7,71.4,73.9,72.8,71.1,72.4,71.9,72.9,70.5,71.9
83,94,99,63,98,92,23.6,Business,High,89.7,90.0,89.8,90.4,93.5,92.3,91.7,92.5,94.1,93.4,92.7,92.7,94.7
51,83,73,75,52,56,19.4,Arts,High,64.6,65.0,65.1,67.3,66.1,66.1,65.4,68.2,68.2,67.4,68.4,68.9,68.7
81,72,68,87,69,65,15.5,Science,Low,74.1,73.0,76.3,74.9,77.1,75.4,76.1,76.4,76.2,77.7,79.2,78.4,77.9
72,86,85,72,69,94,21.1,Tech,High,79.8,80.1,80.5,82.1,81.0,83.4,81.8,83.4,83.2,83.3,85.1,85.2,85.9
71,60,88,71,79,96,3.8,Tech,High,76.4,77.9,76.0,78.3,77.6,79.2,81.1,79.4,79.9,80.4,80.7,79.4,80.0
74,55,59,97,84,97,13.0,Arts,High,78.0,77.5,79.6,79.6,79.5,80.1,80.2,82.4,82.3,83.3,83.7,82.9,83.7
71,67,74,68,84,76,16.5,Business,Low,74.2,72.8,73.1,74.7,73.9,73.6,75.2,74.5,75.8,76.8,77.5,75.9,76.8
71,70,67,95,98,72,21.1,Science,Medium,77.8,81.3,80.4,80.2,79.6,83.3,80.5,80.7,82.4,80.9,80.2,81.9,81.2
98,91,68,52,88,73,20.0,Business,High,79.6,78.5,79.4,79.1,80.1,81.2,81.5,83.6,81.9,84.8,83.0,83.1,84.3
91,85,85,91,76,58,8.4,Tech,High,80.4,81.2,82.4,83.5,81.5,82.2,82.5,83.6,85.1,84.5,83.9,83.8,84.1
55,90,59,68,75,84,23.6,Business,Low,72.0,72.7,75.1,72.5,76.1,75.7,76.7,76.9,77.5,77.5,77.2,78.5,79.4
64,87,82,58,63,69,4.9,Tech,Low,71.1,70.2,69.5,70.1,72.1,70.7,72.5,71.7,69.3,70.6,71.0,69.8,71.3
92,83,99,77,66,86,22.1,Science,High,83.7,85.6,85.0,86.0,87.6,87.4,88.6,88.9,88.8,88.7,90.4,91.6,90.7
86,66,54,69,67,91,24.3,Science,High,73.1,74.8,74.7,76.0,77.0,78.6,79.7,79.8,80.9,81.3,83.4,82.0,82.5
82,86,96,94,94,66,6.1,Arts,High,86.2,86.5,88.5,88.8,87.5,87.5,86.8,86.0,87.9,87.5,89.1,89.1,88.9
57,74,98,56,78,96,18.6,Arts,High,77.0,76.1,77.0,76.2,78.0,77.7,79.6,78.1,78.6,81.6,81.5,79.8,81.3
93,87,84,63,69,80,2.9,Business,Medium,76.9,80.6,78.7,78.8,78.3,79.1,79.4,80.2,79.1,80.5,80.4,78.5,79.2
93,61,93,58,76,57,11.3,Science,Low,71.4,73.4,74.3,71.9,74.7,74.1,75.2,73.6,74.5,74.7,74.9,76.9,76.1
54,72,83,68,67,64,13.9,Science,High,69.2,71.0,69.3,70.5,69.9,73.1,73.7,73.3,74.0,74.0,74.6,78.0,75.4
88,91,82,96,53,80,15.4,Arts,Low,83.1,80.1,82.9,83.3,82.4,85.0,83.9,84.1,85.6,85.2,88.0,83.9,85.9
53,71,70,63,50,79,23.5,Tech,High,64.0,65.7,64.5,68.2,68.4,67.9,68.0,68.0,68.5,71.0,70.6,71.1,71.3
55,70,66,87,99,95,17.5,Business,Medium,78.8,81.3,82.0,80.2,82.4,79.6,81.7,81.9,81.2,83.9,83.8,83.4,83.0
94,76,71,85,50,69,13.1,Business,Medium,75.0,74.8,74.4,77.3,77.1,76.0,76.0,78.5,79.5,77.6,80.8,79.7,80.3
81,80,97,89,75,88,20.6,Arts,High,86.5,86.5,87.2,89.0,90.3,90.1,90.7,93.8,91.7,93.1,92.8,95.9,95.1
79,55,86,66,94,61,23.9,Science,High,72.1,75.1,75.5,75.8,76.6,77.9,78.1,78.3,78.5,80.0,81.2,80.7,81.6
96,76,64,79,69,98,2.5,Arts,Medium,79.5,79.9,82.5,79.2,79.4,80.4,79.9,82.4,79.8,79.7,81.3,81.4,81.2
84,89,84,58,72,66,24.6,Arts,High,75.8,76.4,76.1,78.3,79.2,78.8,80.9,80.9,81.5,81.3,82.7,82.5,83.0
89,83,77,82,59,91,4.0,Arts,High,80.6,79.2,81.3,77.5,79.2,77.8,77.0,77.1,77.8,77.6,76.1,77.8,76.6
65,61,56,74,60,79,20.7,Arts,Medium,69.0,66.5,68.5,69.7,69.1,69.6,70.2,71.7,70.9,71.9,71.7,72.8,73.5
62,94,81,63,90,78,8.4,Tech,Low,78.0,79.7,79.1,78.8,78.9,77.0,79.9,80.4,80.1,78.8,80.1,80.4,80.8
99,56,60,60,90,68,5.0,Tech,High,71.0,73.0,71.8,74.1,74.1,72.2,74.9,73.8,75.4,77.0,74.2,75.4,74.5
91,59,59,84,54,95,12.1,Science,Low,74.3,74.3,74.8,73.9,73.6,74.2,75.0,75.4,74.4,75.8,76.9,74.9,75.9
79,94,58,90,50,60,16.8,Arts,High,73.5,73.4,72.2,73.5,72.8,75.2,75.3,74.1,73.1,75.5,77.6,76.2,76.1
68,66,63,63,66,83,10.8,Tech,Medium,68.5,68.3,70.0,69.2,68.2,68.6,70.3,69.0,70.4,69.1,71.8,68.8,70.6
66,75,62,79,71,99,3.3,Science,Medium,74.7,75.1,75.1,76.3,76.7,77.0,77.2,78.1,77.5,78.1,79.0,77.3,78.4
68,70,74,90,83,56,15.8,Arts,Low,74.8,73.6,74.4,74.4,74.1,75.7,74.7,75.9,75.8,76.7,76.2,77.9,77.5
77,77,51,53,94,93,22.8,Business,High,75.7,76.0,76.4,78.2,78.1,81.0,79.2,81.4,83.1,81.5,83.9,84.2,85.2
75,95,84,53,90,83,10.8,Tech,Medium,79.3,79.6,80.0,80.4,81.0,83.3,82.5,83.0,83.9,82.3,84.0,83.6,84.1
86,51,56,77,78,69,7.0,Science,Medium,69.8,68.9,70.1,68.1,69.0,69.2,68.7,69.4,66.9,69.9,68.4,69.5,69.0
75,92,70,57,53,99,12.2,Business,High,75.6,74.4,75.7,76.7,74.2,75.5,77.2,75.1,76.2,79.1,78.0,77.1,77.7
72,50,67,51,54,87,3.1,Arts,High,64.6,65.6,64.6,64.1,63.4,62.6,64.0,64.5,65.5,63.5,63.9,63.9,63.1
58,85,52,90,60,73,20.9,Arts,High,69.8,67.2,68.3,70.3,71.7,70.3,70.6,71.0,71.6,72.3,71.9,71.7,71.5
61,75,91,95,70,59,21.0,Arts,High,75.6,76.6,78.6,80.0,79.3,79.5,79.6,81.3,83.0,83.0,84.9,85.1,84.7
50,78,88,71,84,81,15.5,Tech,Low,77.1,78.1,79.4,77.1,79.4,78.9,79.4,79.8,81.1,80.3,80.0,82.6,81.4
50,70,90,90,61,64,10.1,Science,High,70.0,71.6,71.4,73.5,73.9,73.3,72.2,73.8,73.9,75.3,75.5,75.2,74.9
96,60,98,65,75,86,20.4,Business,High,81.0,81.8,83.5,82.3,83.5,83.8,83.0,85.1,85.7,87.1,85.3,88.0,86.5
83,89,60,78,68,69,14.8,Science,Medium,73.3,74.9,74.7,74.0,75.3,76.6,74.5,76.2,76.5,77.2,75.1,77.1,76.2
81,60,88,98,94,52,21.0,Tech,High,80.3,79.1,78.8,82.5,81.1,83.4,81.8,83.1,83.4,82.2,84.3,83.7,84.2
97,85,73,97,56,86,16.5,Science,Medium,82.6,81.2,83.7,85.5,85.9,85.8,87.4,88.1,87.0,87.8,89.7,90.3,89.0
74,98,95,79,96,89,20.0,Tech,High,90.1,89.4,90.5,89.7,89.7,91.5,90.8,92.0,91.6,92.0,92.6,92.7,92.4
89,88,68,61,56,57,15.8,Arts,Low,70.3,69.0,68.9,70.4,67.8,69.3,69.2,69.5,69.0,69.3,69.5,69.1,69.5
94,89,53,84,75,89,11.5,Business,Low,79.7,80.4,80.8,81.3,82.4,83.4,80.9,81.6,83.0,83.6,83.8,84.0,83.7
50,84,75,60,89,93,24.0,Arts,Low,77.2,75.8,77.5,78.3,76.9,79.7,79.8,81.5,79.2,81.8,81.7,83.2,82.1
65,83,87,95,54,72,14.4,Science,High,77.9,78.5,77.2,75.1,77.0,79.3,77.9,78.8,78.7,80.8,79.1,81.1,80.6
88,96,91,99,70,89,15.9,Arts,Medium,90.2,92.3,91.0,89.9,91.4,92.1,92.6,92.5,93.3,95.7,93.3,96.9,95.1
54,73,81,70,63,60,7.1,Business,High,66.4,67.6,67.9,68.9,68.1,67.8,68.4,67.3,68.4,69.3,69.8,71.3,70.2
71,71,88,70,53,95,16.4,Arts,High,74.8,75.1,76.5,76.2,75.5,76.0,78.7,78.6,78.2,77.8,79.7,80.6,80.1
78,54,94,54,72,57,15.1,Business,High,68.9,68.1,69.5,70.7,71.2,71.6,72.1,72.9,73.2,74.3,74.5,74.1,75.1
52,82,95,97,91,78,6.3,Business,Medium,81.7,82.8,82.5,80.8,83.0,83.5,81.8,80.3,82.1,83.5,82.2,81.2,81.4
61,85,85,69,69,79,3.4,Arts,High,76.5,76.8,74.2,77.2,74.4,75.4,76.3,76.5,77.1,75.9,76.3,76.8,76.7
75,96,89,86,64,59,15.9,Tech,Medium,78.8,78.9,81.0,81.4,82.0,82.0,83.8,81.7,82.2,83.9,84.3,84.9,84.2
65,69,86,52,99,88,19.6,Science,High,74.1,74.7,76.7,77.4,76.4,79.0,79.4,81.5,80.4,80.0,79.5,80.5,79.9
86,68,82,93,94,77,14.0,Tech,High,83.8,84.2,84.8,83.3,85.9,83.6,83.9,83.5,85.1,84.5,86.2,84.7,84.5
71,84,85,82,78,98,7.2,Tech,Medium,82.7,84.1,82.9,84.3,82.9,84.7,83.4,83.0,84.0,83.6,83.7,83.8,83.7
78,92,52,58,57,85,17.3,Arts,High,70.6,69.4,71.5,73.6,72.1,69.4,72.1,72.0,73.4,72.6,76.2,74.9,74.2
63,66,58,58,90,62,3.8,Science,Medium,66.0,66.8,66.3,68.0,65.4,66.3,66.8,69.2,68.5,66.1,68.9,67.9,68.8
77,94,57,53,97,81,12.2,Science,High,77.5,77.4,76.1,79.5,77.4,76.8,77.3,77.7,79.5,77.4,78.5,80.6,78.9
54,92,82,84,68,85,5.8,Tech,Low,78.6,77.4,75.8,76.6,77.7,76.7,76.7,76.8,78.7,77.1,76.6,75.5,77.5
96,83,55,66,97,86,6.2,Arts,Medium,80.8,79.8,79.6,79.9,80.7,81.1,81.5,81.6,82.3,82.1,79.6,82.6,81.1
98,58,90,83,88,75,6.7,Science,High,82.0,83.7,82.7,82.2,83.2,84.4,83.4,83.4,85.2,85.4,84.9,86.2,86.2
79,75,88,73,95,71,10.9,Tech,High,80.4,80.3,81.2,81.7,80.6,82.2,83.4,83.0,83.2,82.4,82.3,84.5,83.5
95,51,53,81,77,53,3.2,Science,Medium,68.4,66.9,69.5,68.7,69.7,69.2,69.4,70.5,70.1,67.9,69.2,69.3,68.9
54,58,62,50,95,80,11.1,Arts,Low,66.0,65.0,66.8,67.4,67.8,67.1,68.3,69.1,68.2,69.7,68.8,69.9,69.6
61,58,98,57,76,67,13.8,Arts,High,70.6,71.9,70.3,72.5,73.8,71.6,73.4,74.6,74.2,76.4,75.8,76.8,76.2
65,89,51,94,53,87,13.1,Arts,High,73.8,74.2,72.3,75.2,73.7,74.8,74.0,75.7,75.0,76.3,76.7,76.4,75.6
75,66,54,72,64,73,10.8,Science,Low,69.4,68.4,69.3,67.8,69.3,69.6,71.0,73.0,72.6,72.8,72.6,72.9,73.2
75,50,93,96,84,72,21.3,Business,Medium,80.2,79.0,81.4,80.0,82.0,80.1,83.4,84.1,84.3,82.5,86.6,86.1,85.1
97,74,76,89,86,71,5.3,Science,High,81.6,81.8,83.7,83.4,81.1,83.8,82.2,83.4,82.9,82.8,82.1,82.3,83.4
70,92,81,61,50,51,13.6,Business,High,69.1,67.9,70.5,70.1,70.1,73.4,71.3,74.5,72.8,77.0,75.7,76.6,76.6
88,89,70,61,52,80,3.4,Arts,High,72.3,72.7,73.7,72.2,74.0,74.3,73.4,71.7,72.7,73.5,71.8,73.0,72.2
85,91,57,95,96,60,3.6,Tech,Medium,81.4,78.6,82.4,81.8,79.6,81.0,81.2,81.7,80.0,79.4,81.9,82.0,81.0
82,74,87,96,73,77,15.2,Business,High,81.2,81.1,82.4,80.9,80.6,83.2,81.6,81.9,81.6,83.2,81.2,84.1,83.6
79,88,57,64,76,95,15.0,Arts,Low,76.0,77.3,78.7,78.3,81.0,81.1,79.5,80.4,80.0,82.2,80.9,82.5,82.9
86,84,99,90,89,81,22.2,Arts,High,89.3,90.4,90.4,91.8,91.0,92.5,93.2,91.8,96.0,95.8,97.3,99.1,98.2
72,52,52,68,85,54,14.8,Business,High,61.8,65.1,64.4,65.8,67.3,68.8,67.6,69.4,71.0,68.0,72.5,70.9,71.6
59,99,93,75,83,87,24.1,Tech,Medium,81.7,85.1,84.4,86.7,86.7,87.8,88.0,88.4,89.9,90.8,91.7,94.1,92.3
54,86,52,78,78,59,3.1,Arts,Low,67.7,69.3,68.0,67.5,65.3,69.0,67.9,69.3,68.5,67.5,67.0,68.3,68.4
85,93,71,71,73,89,4.3,Business,Low,80.5,81.5,80.5,81.9,80.3,80.8,80.0,81.1,81.9,80.0,79.7,79.4,80.9
83,93,55,89,73,95,3.0,Tech,High,80.8,81.4,82.7,80.4,80.8,81.4,79.2,80.8,78.0,79.0,80.8,77.7,78.9
80,79,51,70,91,73,6.3,Tech,Medium,72.9,75.0,75.6,76.7,76.9,77.2,77.3,76.9,79.0,78.9,78.9,80.0,80.0
59,87,72,87,53,84,14.4,Arts,Medium,73.3,73.6,76.2,76.2,76.8,74.8,76.9,78.2,77.6,78.0,77.5,79.0,78.9
68,83,93,69,52,93,16.8,Science,High,77.1,77.8,76.9,77.1,77.6,79.8,78.4,81.2,79.9,78.8,81.5,82.4,80.4
81,61,51,78,83,97,3.0,Science,High,76.0,77.4,75.7,74.3,77.4,76.0,78.4,78.3,77.3,77.9,79.4,77.7,78.7
50,68,87,53,98,72,23.8,Arts,High,71.7,72.5,71.3,73.4,72.8,75.2,74.9,75.6,74.4,73.9,77.3,76.5,76.5
54,86,66,56,72,66,21.4,Tech,High,68.4,69.8,67.7,69.2,68.3,70.2,69.3,71.7,72.2,73.0,72.3,72.8,73.9
94,93,84,77,72,50,8.8,Arts,Low,78.9,77.2,79.4,79.6,78.0,80.6,80.2,79.3,81.7,77.4,78.9,80.1,80.6
53,98,83,77,94,80,3.8,Business,High,80.3,80.1,81.5,81.4,80.4,83.2,82.9,83.2,83.5,82.6,83.2,85.0,83.3
65,66,72,53,54,80,5.9,Science,Low,64.9,66.1,66.3,65.1,66.7,66.2,65.5,64.6,65.7,67.3,66.8,65.5,66.6
73,59,79,71,80,91,4.9,Business,Medium,74.0,75.5,75.3,77.0,73.4,75.3,73.2,74.1,73.1,73.3,74.6,74.7,74.1
65,98,57,61,90,91,4.8,Arts,Medium,77.0,78.6,77.0,76.1,77.9,78.2,77.9,76.3,76.5,79.0,79.9,79.0,78.6
51,96,71,94,55,83,13.9,Arts,Medium,76.6,76.0,78.7,77.8,77.4,76.1,78.7,78.5,81.0,81.4,79.0,81.3,81.3
98,61,93,52,86,58,7.7,Tech,High,75.5,74.2,75.1,74.8,75.5,75.9,74.8,76.8,75.4,73.2,77.6,77.4,76.9
77,65,85,71,59,71,10.2,Tech,High,73.1,71.9,73.6,72.5,74.6,72.5,72.5,74.9,74.4,75.0,74.4,74.7,75.9
81,73,54,93,89,62,24.8,Tech,High,75.5,74.7,76.3,76.8,77.1,78.2,78.4,79.0,80.7,76.9,81.1,82.4,80.7
76,68,62,51,56,74,17.7,Business,Medium,66.3,64.3,66.5,65.5,67.3,66.0,67.4,68.2,66.9,68.8,68.9,71.7,69.8
69,57,78,73,88,97,23.8,Tech,High,77.3,79.0,79.4,79.5,79.5,78.8,80.0,79.0,82.9,81.9,81.6,82.9,82.9
73,80,80,83,87,67,5.3,Arts,Medium,80.1,79.7,79.3,80.7,79.5,81.5,80.0,80.0,80.4,78.4,80.5,83.8,81.4
61,70,96,76,70,61,10.8,Tech,High,72.6,73.2,70.8,73.9,76.0,75.0,73.1,73.8,73.6,77.0,73.9,75.2,75.6
99,66,65,90,69,89,14.8,Science,High,80.9,78.9,81.1,81.7,80.7,82.6,82.6,82.9,83.8,84.8,85.1,85.9,85.5
84,72,91,50,52,66,3.8,Tech,High,70.9,69.4,71.2,69.3,71.8,71.0,71.6,72.0,70.9,71.1,71.4,73.9,72.5
82,86,79,57,71,64,2.1,Business,Low,73.1,72.3,74.2,74.4,74.7,73.9,74.0,73.7,75.1,76.3,75.8,74.7,75.2
82,65,65,72,96,91,17.4,Science,Medium,79.2,80.6,80.4,82.6,80.4,82.0,80.2,81.8,82.2,81.5,84.5,82.9,84.3
92,55,61,87,53,64,16.8,Science,High,70.2,68.6,67.7,69.3,71.6,69.5,70.0,68.6,69.0,70.0,73.1,70.1,71.7
86,57,66,55,77,64,11.4,Science,Medium,67.7,67.0,67.6,68.3,67.1,70.2,68.4,69.5,69.8,68.0,71.0,73.0,70.9
61,74,65,71,61,88,13.3,Business,High,68.9,70.5,71.1,70.4,70.7,71.2,72.0,70.8,70.8,74.2,73.2,72.4,72.9
52,67,61,74,87,62,11.6,Arts,Low,69.5,67.0,68.3,67.6,67.1,68.2,69.1,69.1,69.5,69.9,71.2,69.8,70.0
50,74,57,67,85,66,2.6,Tech,Medium,66.0,68.0,67.7,63.8,66.9,66.5,64.8,65.5,65.3,67.2,65.9,65.4,66.5
82,61,69,66,96,81,9.7,Science,High,76.1,75.3,75.9,76.6,75.1,75.7,77.2,76.6,76.1,76.9,75.2,77.7,76.8
89,64,52,61,90,58,6.1,Science,Medium,70.0,67.3,68.9,67.5,68.6,68.3,66.7,67.5,67.6,67.8,67.3,66.1,66.9
59,75,65,55,54,89,4.3,Science,High,65.6,64.0,66.2,64.5,66.0,65.6,67.7,67.8,65.9,66.2,64.7,65.6,66.1
92,90,79,75,62,69,24.0,Arts,Low,77.5,79.1,78.7,81.1,80.5,82.1,82.2,83.4,83.8,84.4,87.2,85.7,85.4
93,94,94,76,72,75,15.8,Arts,High,84.4,83.8,82.2,83.6,85.2,86.2,83.9,83.5,86.2,85.8,87.3,84.9,86.0
78,75,72,57,99,76,18.8,Business,Medium,74.8,75.7,78.0,77.7,78.2,78.3,78.3,78.7,79.2,80.3,83.5,81.6,81.8
62,96,77,68,79,70,9.3,Arts,High,75.6,77.6,77.1,79.0,77.0,78.5,79.5,79.8,80.2,80.8,81.4,83.3,81.9
61,81,89,91,86,67,11.0,Tech,Medium,79.9,80.7,79.9,79.5,84.2,82.3,81.9,81.8,79.8,83.9,84.6,84.9,84.5
80,59,54,50,74,62,7.4,Business,Medium,63.4,64.1,62.9,63.5,65.0,65.5,66.3,63.9,67.6,67.9,67.8,68.8,68.7
95,65,69,78,97,65,4.2,Business,Medium,76.8,79.9,79.3,79.1,76.8,79.6,81.0,80.9,79.4,78.4,80.9,80.4,80.2
51,56,89,94,76,58,6.1,Tech,Medium,72.6,72.0,71.4,73.2,71.5,73.3,72.4,74.1,72.8,72.8,73.2,74.4,74.8
99,66,93,98,63,61,20.3,Tech,Low,80.5,79.9,81.7,80.0,80.6,83.4,82.7,83.6,83.8,84.9,81.7,86.6,84.6
84,72,50,84,97,93,17.6,Tech,High,81.8,79.6,82.9,81.7,82.5,81.4,83.8,82.1,84.2,83.0,82.9,83.2,84.0
72,75,79,89,96,87,14.6,Business,High,82.6,83.6,80.6,83.2,82.9,81.5,82.6,82.7,81.7,82.7,80.5,82.1,81.9
66,70,70,63,85,68,12.9,Business,High,70.0,71.8,71.2,70.4,73.3,73.2,72.4,73.8,74.1,74.5,77.6,76.7,76.6
75,71,69,84,88,56,23.2,Business,Low,74.9,75.7,76.1,78.0,77.7,77.9,80.2,80.7,81.5,80.7,84.9,84.9,83.9
57,56,55,97,65,84,3.7,Tech,High,68.8,68.2,70.5,69.9,68.7,69.6,67.8,68.1,67.7,68.2,67.6,70.1,69.0
78,63,71,94,71,97,8.5,Tech,Medium,78.0,79.9,77.9,79.4,79.5,78.8,81.6,81.8,79.8,80.4,82.1,81.0,81.0
75,64,67,69,70,67,10.0,Science,Medium,70.3,68.2,71.0,70.4,69.2,71.8,68.7,68.1,71.0,69.3,71.0,70.5,70.2
59,56,57,98,70,65,20.0,Arts,High,67.4,68.5,69.3,70.9,71.2,72.2,74.4,73.3,72.7,74.5,72.2,74.6,74.3
75,58,88,62,57,88,24.8,Science,High,70.3,74.4,73.7,74.7,75.7,76.2,78.4,77.8,76.7,79.6,79.8,78.7,81.0
83,97,81,87,98,53,7.5,Tech,High,84.4,82.3,82.7,82.3,83.1,83.4,81.6,81.8,80.4,84.0,81.4,80.3,81.9
90,57,82,98,65,74,22.1,Business,High,77.8,77.3,79.1,79.2,81.3,79.7,82.0,82.8,83.4,84.3,85.2,84.5,85.1
56,99,65,95,80,81,21.1,Tech,High,79.2,79.2,81.8,81.2,82.6,84.7,83.5,83.9,84.5,81.7,83.4,84.5,85.1
53,72,61,98,91,89,7.2,Arts,High,75.8,78.7,76.9,78.7,78.6,77.9,79.5,80.3,77.5,80.4,79.4,78.5,79.7
99,78,87,57,59,62,11.2,Science,Low,75.8,74.6,75.1,74.8,75.8,75.7,76.6,76.8,77.3,75.7,76.9,78.6,77.9
94,67,83,92,81,94,11.4,Science,Low,84.1,85.5,85.5,84.0,87.6,84.8,88.2,86.3,88.8,87.9,88.4,88.2,88.2
60,80,63,69,83,66,24.5,Business,High,70.8,70.8,71.2,73.8,72.5,74.2,74.2,75.0,77.4,75.3,76.5,77.1,77.3
78,79,85,82,58,98,6.2,Science,High,81.0,80.7,82.9,80.7,79.7,79.6,80.4,82.8,81.4,83.3,80.7,80.1,81.4
85,88,82,75,66,86,20.4,Science,High,81.4,80.8,82.8,82.6,82.5,84.5,84.7,87.1,86.9,88.5,87.5,88.4,88.4
74,84,72,88,60,55,9.7,Tech,Medium,72.4,73.1,73.7,74.3,73.9,73.5,75.2,75.6,72.8,74.5,77.6,73.3,75.9
70,67,99,70,81,68,18.8,Science,Low,74.6,76.1,78.5,79.4,76.5,77.8,79.7,80.7,82.5,80.8,81.0,81.7,81.9
85,91,94,98,59,62,11.7,Science,High,80.8,80.8,80.3,79.0,82.4,81.2,82.4,82.9,81.7,82.6,81.4,82.6,82.5
59,88,51,91,71,75,15.3,Science,High,73.0,72.5,75.2,74.2,74.0,74.6,75.5,76.2,74.4,76.5,76.6,76.5,76.3
86,66,90,92,66,63,21.2,Business,Medium,77.1,78.1,76.7,78.5,81.7,80.0,79.9,82.1,83.0,84.0,84.5,83.7,85.3
58,63,70,90,53,80,20.5,Business,Medium,69.7,70.0,69.8,71.6,70.9,71.4,72.9,71.8,75.2,73.1,73.3,75.4,75.2
73,80,51,58,97,53,21.9,Tech,High,70.0,70.2,70.2,71.4,71.8,73.3,73.5,74.0,76.8,74.6,78.2,75.6,76.6
84,73,76,73,96,88,3.4,Science,Medium,83.0,78.7,83.4,83.8,84.7,86.5,86.0,83.9,85.2,85.4,85.5,85.4,86.2
98,84,58,86,74,57,17.9,Business,High,75.6,76.6,78.2,78.1,80.6,80.4,79.0,80.1,82.7,83.6,82.6,84.3,83.6
84,93,50,98,70,74,5.2,Business,High,80.5,78.1,78.4,76.9,78.2,78.1,80.7,78.6,79.5,80.0,79.9,81.9,79.9
97,94,60,90,86,62,11.6,Tech,Medium,82.5,83.4,82.1,81.9,82.7,82.4,83.0,85.7,82.3,82.8,85.5,84.1,84.0
85,83,52,66,87,81,14.6,Arts,Low,75.6,74.5,74.5,75.8,75.6,75.3,75.7,75.3,76.6,75.7,73.3,74.1,74.9
67,52,72,73,98,87,11.3,Science,High,76.2,75.5,74.1,76.9,76.5,76.0,78.3,77.2,76.5,77.0,77.9,78.1,77.9
98,86,75,70,50,87,14.0,Business,Low,80.3,79.8,79.3,77.7,78.9,80.3,80.3,78.8,81.9,81.5,83.0,82.1,81.2
88,92,53,88,74,77,24.9,Tech,High,77.9,78.7,81.4,82.4,83.4,83.0,83.9,82.3,86.1,88.1,86.3,87.5,86.9
81,89,67,90,85,79,5.1,Tech,Medium,81.7,82.4,83.7,81.6,80.5,83.4,82.8,81.9,83.4,82.5,81.8,85.8,83.1
73,75,55,88,66,52,17.5,Tech,High,66.2,68.1,68.5,70.1,69.7,70.2,70.4,72.7,73.5,72.8,71.8,72.1,72.8
72,72,84,62,90,77,11.1,Business,Low,76.3,75.6,76.8,75.6,76.5,77.4,76.0,76.3,78.2,75.2,76.1,76.2,75.9
81,93,71,60,73,52,5.1,Science,Low,72.0,70.8,71.3,71.7,72.0,71.3,70.7,72.0,71.2,71.2,72.7,72.8,71.3
86,88,92,95,51,94,5.7,Arts,High,84.5,84.0,86.2,86.1,86.8,84.7,85.8,86.8,85.5,86.6,86.4,88.5,87.0
61,64,64,68,89,83,23.8,Science,Low,71.7,76.0,75.2,73.8,77.1,79.0,75.3,78.0,77.6,80.1,82.0,80.1,82.1
98,98,71,60,64,65,22.2,Tech,Low,74.5,77.9,77.8,77.5,78.4,77.4,80.2,81.7,83.1,83.9,80.5,82.5,82.5
62,53,86,62,81,71,22.9,Tech,Medium,70.2,71.5,70.7,71.9,73.6,72.2,73.4,73.6,74.4,75.1,74.6,78.2,76.7
72,78,91,95,88,81,24.8,Arts,High,86.4,86.2,87.5,89.7,87.3,88.2,89.3,91.8,92.3,92.5,92.2,96.4,93.5
74,71,61,94,55,87,6.8,Science,Low,73.1,72.1,74.4,72.9,74.8,76.4,74.1,74.4,73.3,72.1,75.5,74.8,74.1
84,74,96,50,50,57,10.2,Tech,Low,69.3,69.5,68.8,71.8,71.9,72.2,69.3,69.2,72.9,72.1,72.1,71.9,72.3
90,62,98,89,96,57,17.4,Tech,High,80.7,83.7,81.6,85.2,84.8,85.3,86.1,83.7,84.1,86.2,85.7,84.7,85.7
79,67,91,93,72,55,13.1,Science,Low,77.1,76.3,77.3,77.9,78.6,78.7,79.4,78.1,79.2,80.3,81.6,84.0,81.8
66,82,87,68,88,63,11.6,Tech,High,75.6,77.3,78.1,76.6,76.9,80.0,77.7,79.3,78.3,76.3,80.2,80.1,79.4
98,65,67,61,66,81,10.2,Science,High,72.5,74.3,75.1,73.5,73.0,75.2,74.2,75.4,75.2,76.0,75.8,75.9,76.7
69,94,94,57,83,84,15.7,Tech,Medium,79.7,82.5,79.8,81.1,81.8,82.7,82.0,80.0,83.1,82.8,83.7,83.1,83.3
97,91,84,57,90,59,15.2,Science,Medium,79.8,80.2,80.0,80.2,81.0,82.8,84.5,84.0,84.1,85.3,84.3,85.9,85.6
74,93,79,94,78,52,5.7,Arts,Medium,79.2,78.2,81.1,80.2,80.0,81.2,82.8,81.7,83.4,85.2,85.7,84.7,84.2
71,51,73,61,58,61,12.9,Tech,High,61.3,62.5,61.8,64.6,62.1,63.2,64.5,62.3,63.6,63.7,63.4,63.5,64.4
62,84,91,97,62,98,14.7,Arts,Low,82.3,84.4,83.8,83.0,83.4,84.0,85.1,86.5,84.5,84.6,84.9,85.5,86.1
68,91,79,82,55,80,15.1,Tech,High,76.2,74.8,76.5,77.2,77.9,78.9,78.4,79.3,79.0,78.8,80.9,79.1,80.8
98,83,63,94,55,78,6.8,Tech,High,77.7,77.0,81.0,78.0,80.3,80.7,79.1,80.6,83.2,81.7,81.9,83.1,82.1
85,79,55,75,69,54,19.1,Business,High,71.7,70.4,69.9,71.4,70.8,71.8,72.0,72.2,73.2,73.8,74.0,73.8,74.1
61,62,52,88,52,74,2.6,Science,Medium,63.6,63.6,64.7,63.5,63.8,63.9,61.7,60.0,59.1,60.2,60.5,60.4,59.9
90,62,65,77,66,90,10.2,Arts,Low,74.8,76.0,76.6,77.0,77.2,74.9,79.4,77.6,78.8,80.6,79.2,82.2,80.8
68,67,56,54,98,80,19.9,Arts,Medium,70.1,72.7,72.6,72.8,72.8,74.8,75.2,76.8,76.2,77.2,79.0,78.2,78.0
61,81,63,57,61,70,15.0,Arts,Low,67.4,65.1,63.8,65.5,66.1,66.7,67.7,65.7,68.1,66.4,67.3,66.4,66.5
58,81,58,74,97,69,8.0,Science,High,73.5,71.2,70.9,73.7,75.3,74.6,74.7,73.6,74.7,72.9,75.3,74.2,74.0
56,84,64,76,96,88,18.0,Business,Medium,77.1,80.8,79.3,80.2,81.2,81.6,81.9,81.0,82.8,84.0,84.7,86.0,85.9
77,88,70,95,94,71,15.0,Arts,High,84.2,82.7,84.6,85.3,85.2,86.4,85.0,86.1,90.5,86.2,89.7,91.1,89.9
63,95,84,72,50,53,20.3,Science,High,70.4,69.8,70.4,72.4,71.3,74.5,75.6,75.4,75.5,76.4,77.0,77.8,77.5
80,78,51,79,66,62,18.9,Tech,High,70.0,71.3,69.6,72.2,71.4,73.5,73.8,73.3,74.6,73.8,75.4,74.2,74.7
68,98,76,94,52,94,16.0,Arts,Medium,80.4,80.8,82.1,82.7,82.6,82.5,81.9,85.4,82.9,84.7,86.0,86.3,85.3
96,78,51,96,75,91,13.2,Arts,Medium,80.7,81.7,82.7,82.6,82.3,83.3,84.9,85.0,81.6,84.8,84.8,86.1,84.9
65,93,84,72,64,99,5.1,Business,Medium,80.2,80.6,80.3,82.3,79.4,83.1,82.1,81.8,80.9,83.1,81.5,82.0,83.3
54,65,67,98,85,98,8.0,Arts,High,77.3,79.0,78.8,78.5,77.3,76.0,78.4,78.8,75.1,78.3,80.2,80.0,78.5
84,93,63,96,81,69,11.6,Arts,High,83.0,81.0,80.3,82.9,83.2,81.3,83.7,82.0,84.5,82.6,83.3,83.3,82.9
61,96,69,69,81,62,15.8,Tech,Medium,72.3,75.7,74.3,75.9,77.3,77.9,78.3,79.6,78.3,77.3,78.6,80.1,79.8
74,59,67,67,53,66,13.8,Science,High,66.2,62.9,67.0,63.8,65.1,67.5,67.4,68.2,66.5,67.1,68.5,69.4,68.4
70,79,59,67,67,85,8.6,Science,Low,71.5,72.8,72.6,74.2,74.1,74.4,74.8,74.9,75.6,75.7,74.5,75.9,76.5
85,74,74,51,98,82,2.1,Business,Medium,77.6,76.4,77.3,77.2,75.8,76.5,77.5,77.0,77.0,76.0,77.7,77.6,76.6
72,88,51,53,68,50,13.4,Tech,High,64.8,65.7,67.0,64.9,66.7,64.8,65.6,67.7,67.2,67.8,65.8,67.2,67.6
65,69,74,79,92,64,8.6,Science,Low,73.3,74.1,72.6,74.4,74.4,73.6,74.2,74.9,75.6,73.8,74.3,73.1,74.6
88,54,82,82,84,62,18.9,Tech,Medium,76.7,75.6,77.5,76.9,78.6,79.7,77.7,80.7,79.3,80.3,80.8,80.0,81.0
94,50,85,85,89,66,2.6,Science,High,75.3,78.5,79.3,77.7,75.5,76.5,76.6,74.5,75.7,76.5,77.2,76.6,76.0
91,79,80,67,63,73,15.5,Tech,Medium,75.1,77.0,76.1,76.1,77.7,77.5,77.3,78.4,79.1,79.3,79.0,78.3,79.2
88,98,63,86,82,57,23.7,Business,High,78.4,80.3,80.9,81.7,80.7,80.3,80.8,81.3,83.0,83.4,83.5,84.8,83.2
63,52,50,68,63,99,6.0,Arts,Low,64.8,65.3,65.6,66.8,68.0,68.3,67.8,69.7,68.3,69.2,68.7,70.2,69.0
80,94,95,96,83,76,12.8,Business,Low,87.6,87.7,88.0,88.7,90.4,89.4,90.1,92.4,93.5,89.6,92.1,93.9,92.6
54,63,65,77,53,94,4.1,Science,Low,67.9,67.3,67.5,66.0,66.8,66.4,66.8,66.2,65.5,67.0,65.7,65.5,65.4
84,79,95,89,73,72,16.4,Business,Medium,83.3,83.2,84.7,84.8,84.6,84.1,84.8,88.6,86.8,89.9,88.8,89.9,89.6
72,99,52,69,78,95,14.7,Arts,High,78.5,79.8,81.0,80.8,82.2,80.6,82.9,85.5,85.0,84.9,84.4,85.7,86.9
78,53,84,98,68,57,11.4,Business,Medium,72.6,71.6,75.4,74.6,74.4,74.8,75.2,75.4,75.0,76.2,75.4,77.5,76.5
92,67,90,82,55,57,14.0,Science,High,74.4,74.7,74.5,73.8,74.2,74.0,75.3,78.3,76.6,75.4,76.8,77.2,76.8
60,86,55,61,82,75,22.6,Science,Medium,71.0,71.6,74.1,72.4,74.1,78.2,76.9,78.1,78.4,78.3,81.0,82.9,82.3
67,74,74,64,98,96,6.5,Business,Medium,79.7,77.9,78.3,79.2,77.1,76.4,76.8,78.1,77.9,77.5,78.0,79.8,78.1
96,97,62,90,89,62,2.5,Arts,High,83.5,82.1,83.8,84.4,82.5,82.3,83.5,84.1,85.2,82.8,83.1,82.9,83.5
61,50,83,88,68,88,21.8,Business,High,73.6,73.9,74.9,74.3,77.0,76.5,77.7,77.2,77.8,78.4,78.5,79.8,79.9
58,95,57,51,50,86,15.3,Arts,Low,65.9,63.8,68.4,70.2,69.4,69.4,70.9,71.1,70.8,71.2,72.3,73.7,73.4
59,64,70,78,54,98,22.5,Tech,Low,70.5,71.0,72.8,73.3,73.1,73.1,75.9,76.9,77.3,76.0,77.1,77.1,78.0
93,58,83,90,76,77,15.7,Arts,High,79.3,79.2,78.8,80.7,81.8,80.4,81.9,82.0,81.2,82.6,82.9,83.0,83.2
66,64,53,59,65,74,20.6,Tech,High,63.5,64.7,63.5,64.5,64.5,64.7,66.5,64.7,66.0,66.3,67.8,68.3,67.8
87,98,74,51,55,65,11.9,Business,High,72.2,71.4,72.5,71.3,73.0,72.8,73.5,74.0,74.4,74.7,74.2,74.3,74.6
56,73,64,60,89,51,19.2,Arts,Low,66.5,65.9,64.7,67.7,66.9,69.3,68.3,67.3,69.2,69.3,67.9,70.5,69.2
95,53,53,62,62,67,23.0,Tech,High,65.9,68.0,67.9,66.9,69.0,68.9,67.8,70.8,71.8,73.5,70.3,70.8,72.3
62,61,94,59,97,66,15.2,Tech,Medium,73.5,74.7,74.9,73.5,73.0,76.1,74.3,76.2,75.0,77.2,78.9,77.7,76.6
89,86,61,63,84,79,6.2,Tech,High,77.1,77.7,77.1,77.6,75.7,77.0,77.9,77.7,76.8,76.3,74.9,76.6,75.9
91,86,81,67,68,88,8.2,Science,Medium,80.1,80.5,80.3,79.9,80.6,83.7,80.6,84.4,83.4,83.7,84.2,84.5,85.1
58,92,81,58,61,62,6.6,Business,High,67.8,69.4,70.3,67.5,68.8,66.4,69.1,70.4,68.8,69.8,70.1,68.8,69.7
99,55,77,88,65,81,7.7,Tech,Medium,75.7,77.2,79.5,77.4,78.6,77.1,78.6,76.7,78.6,77.7,77.7,75.2,77.3
76,88,62,77,92,99,9.0,Arts,High,81.8,82.5,83.1,83.4,82.8,84.8,83.6,84.7,83.6,83.8,85.0,83.9,84.7
51,95,80,52,59,78,14.8,Tech,Medium,70.0,70.3,70.8,71.2,70.5,70.9,71.4,74.2,72.8,73.7,72.9,74.7,73.7
54,73,63,69,74,95,15.5,Science,High,70.7,70.9,71.8,71.4,72.7,73.7,72.1,71.4,72.4,70.9,72.6,72.4,72.5
78,60,69,55,69,79,11.8,Business,Medium,68.4,70.5,69.9,72.3,71.1,71.9,70.4,72.9,70.4,71.6,72.2,73.7,72.5
86,62,67,76,80,67,16.2,Science,Low,73.7,73.3,73.6,73.7,74.1,73.9,74.7,74.3,76.1,75.9,75.3,75.2,75.8
87,83,78,51,53,62,3.9,Science,High,69.9,70.4,70.1,70.3,71.6,70.8,71.0,71.2,73.0,72.5,73.5,74.3,73.6
68,74,55,78,93,92,4.0,Science,Low,75.8,78.5,78.1,76.6,76.5,76.8,79.1,78.5,76.4,78.3,79.8,78.2,78.9
57,56,81,87,72,70,6.0,Arts,Medium,71.6,71.7,73.1,71.0,72.3,70.4,72.5,71.9,71.5,71.2,71.4,70.5,71.5
97,53,78,52,51,79,13.9,Business,High,69.7,67.4,67.6,69.8,71.6,68.4,69.8,71.0,69.6,69.7,70.8,70.9,71.0
94,57,92,65,71,70,6.9,Business,High,73.9,75.6,75.2,76.7,76.1,76.2,74.5,75.1,77.3,77.6,77.6,76.0,76.7
50,69,51,79,86,97,8.5,Arts,High,71.5,73.5,71.8,71.8,71.5,72.4,73.7,75.0,73.4,74.1,76.4,74.3,75.8
71,78,72,89,57,66,11.2,Business,Medium,73.6,73.6,74.6,73.0,73.0,74.4,73.9,73.7,74.3,75.3,76.8,75.3,75.5
66,94,68,51,56,89,20.7,Science,Medium,71.0,70.5,71.5,73.0,73.7,74.2,74.5,73.0,75.3,75.9,74.2,76.5,76.4
56,95,80,66,63,68,2.3,Business,High,69.2,70.8,70.1,72.2,71.2,70.1,70.8,70.9,72.0,71.0,72.9,73.4,72.1
74,59,54,90,52,64,16.9,Arts,Medium,64.4,67.1,67.1,66.8,68.4,69.0,67.0,67.3,69.2,68.8,69.7,70.3,69.4
94,92,68,61,99,58,17.4,Science,Low,78.8,78.7,81.5,80.7,81.1,81.4,81.8,82.2,80.5,81.5,81.9,84.4,83.2
53,83,83,84,65,59,20.4,Arts,Low,70.2,71.2,72.3,71.0,71.3,72.9,73.2,73.6,74.3,74.2,73.2,73.8,73.1
85,75,59,92,68,93,23.5,Tech,Medium,79.0,81.7,81.1,83.2,82.5,82.4,83.3,83.2,86.0,85.1,88.0,88.0,87.7
55,90,74,50,67,80,2.5,Science,Low,69.5,69.5,70.1,70.8,69.0,70.6,68.8,70.6,71.7,69.8,69.8,69.5,70.7
80,98,51,94,65,72,5.5,Science,Medium,78.1,76.0,78.1,75.4,76.5,77.9,80.0,75.6,77.6,75.6,77.2,76.9,76.8
68,52,60,64,57,79,22.4,Business,High,63.9,64.2,65.1,65.8,67.2,68.5,70.3,71.0,71.2,70.8,73.9,74.5,73.9
93,55,99,75,82,82,12.5,Science,Low,82.4,82.0,81.9,81.3,83.8,85.0,83.0,83.0,82.6,85.8,83.5,86.4,84.9
88,54,80,86,98,58,15.0,Arts,High,79.0,76.4,77.5,78.8,80.5,78.6,79.6,77.9,78.6,79.9,79.5,80.5,79.8
76,54,64,70,61,96,17.2,Business,High,72.2,71.1,70.7,71.2,71.6,74.7,74.0,75.5,76.9,76.0,76.7,78.2,77.0
59,96,58,98,60,50,17.6,Tech,High,71.0,71.5,71.3,71.8,70.8,73.5,74.6,73.6,76.1,74.5,74.9,75.2,76.2
75,72,72,80,54,93,23.4,Arts,Low,73.0,76.9,77.4,77.4,77.3,78.8,79.0,79.2,79.5,81.7,80.6,81.8,82.1
68,98,68,74,76,84,24.9,Tech,Low,79.0,79.8,80.2,80.1,79.2,79.6,81.9,80.2,80.1,82.7,83.9,85.0,84.6
88,58,58,72,61,60,18.6,Tech,High,67.8,66.5,68.4,68.6,68.9,69.8,69.8,71.4,70.8,72.3,72.9,73.8,72.6
52,84,84,73,66,83,8.6,Tech,High,73.8,75.2,74.3,73.3,75.3,73.9,73.4,75.8,74.9,74.5,76.2,75.6,75.7
94,69,70,87,55,65,22.2,Science,High,75.7,74.3,75.8,76.5,78.1,76.4,79.8,78.5,78.9,79.2,79.6,81.0,81.1
62,98,58,77,82,58,3.1,Arts,Medium,73.1,70.8,71.0,70.9,71.5,72.8,69.9,69.0,70.9,70.8,70.5,70.3,69.6
99,91,77,70,54,81,7.3,Arts,High,79.3,78.7,78.7,78.8,79.0,79.1,78.1,80.8,80.5,80.6,79.1,78.9,80.0
77,84,95,92,77,64,22.6,Science,Medium,83.4,84.6,84.2,85.1,83.8,85.6,87.2,87.6,90.1,90.6,89.2,93.3,91.7
69,99,56,67,63,61,7.9,Business,High,69.6,69.5,69.7,69.5,69.5,69.2,68.7,69.3,70.2,68.8,69.6,69.1,70.0
77,67,65,85,54,82,7.1,Tech,High,69.3,71.8,72.2,72.0,72.1,70.8,72.2,74.6,70.6,72.0,73.6,70.7,72.6
57,66,65,84,82,94,5.2,Arts,High,74.2,76.4,74.7,74.1,75.6,76.4,75.7,74.4,74.8,75.4,75.9,75.3,75.3
90,73,82,94,99,63,21.8,Science,High,85.0,82.8,84.1,84.6,84.5,84.9,86.9,87.0,88.9,86.1,87.3,89.3,87.6
88,52,53,58,97,57,13.5,Tech,Low,66.7,66.1,70.6,67.4,66.9,67.8,68.1,67.8,67.6,68.5,66.7,67.7,67.1
50,81,53,87,90,57,17.5,Business,High,69.8,68.9,71.8,69.9,70.2,73.4,72.2,73.3,73.7,71.3,73.7,75.3,74.5
52,84,88,79,68,76,7.5,Business,High,73.7,75.3,75.5,74.9,73.3,75.2,76.0,76.4,76.7,75.8,76.9,77.0,77.0
62,87,89,93,71,61,19.4,Tech,High,79.4,78.3,78.4,79.5,78.4,80.6,80.9,81.4,81.9,81.4,81.4,82.7,82.9
77,62,66,83,54,50,19.5,Business,High,67.5,67.8,66.3,65.9,66.1,67.1,66.8,69.3,67.1,67.1,70.1,69.4,70.9
98,96,86,81,51,92,9.2,Arts,High,83.3,84.7,84.6,86.1,85.5,87.8,86.2,85.8,85.9,84.9,86.4,84.5,86.8
74,74,88,52,79,89,11.4,Arts,High,76.6,76.5,77.7,79.1,77.8,79.7,77.8,81.2,80.1,81.2,79.7,81.7,81.5
82,58,78,52,96,91,6.8,Arts,Medium,75.6,76.4,74.7,75.5,76.3,76.8,79.2,75.9,78.7,77.6,76.8,79.1,77.8
87,53,85,77,88,60,24.5,Business,Medium,76.1,76.2,75.0,78.4,76.6,77.3,78.2,80.2,79.7,81.7,81.1,81.5,81.2
55,63,87,93,53,88,16.8,Arts,High,74.0,72.2,73.6,74.5,71.8,75.3,75.6,76.9,74.8,78.4,77.2,78.2,77.6
93,86,88,64,82,92,23.5,Science,High,85.7,88.2,86.4,87.3,89.1,87.9,88.2,90.4,90.8,91.5,91.4,94.0,92.4
94,83,99,90,62,80,9.0,Arts,Low,85.5,86.1,85.8,86.0,86.0,89.4,87.3,89.5,88.0,89.6,88.8,90.5,90.2
81,60,86,72,69,66,20.0,Arts,High,75.7,73.3,75.0,74.8,73.9,73.5,77.4,75.4,74.7,76.4,78.3,77.0,77.1
94,90,84,89,56,82,19.6,Business,High,82.0,84.1,82.5,84.9,83.6,85.7,87.0,84.7,86.2,84.9,87.3,87.8,88.6
96,52,56,60,64,81,17.9,Arts,High,67.0,69.9,68.9,69.4,71.7,71.2,70.1,72.1,73.2,71.8,73.9,76.2,74.2
70,77,76,97,72,78,24.2,Tech,High,78.4,79.1,81.2,78.9,80.7,80.8,82.9,80.9,83.5,82.8,82.7,84.1,83.6
65,78,77,81,63,70,11.1,Science,Medium,71.0,72.3,73.3,72.0,72.9,73.9,75.5,73.8,75.3,75.8,75.5,74.8,75.7
70,58,71,85,72,70,5.0,Business,High,69.4,71.4,71.5,70.7,70.0,70.2,69.9,68.8,70.6,70.1,70.2,68.4,69.6
60,52,63,82,68,89,17.4,Science,Medium,68.1,69.7,71.5,70.1,71.4,70.7,70.3,69.7,70.7,69.5,69.2,72.0,70.7
86,74,56,73,78,72,18.8,Tech,High,72.8,73.4,74.1,75.9,75.7,76.9,76.8,76.8,78.0,79.4,79.0,78.5,79.5
85,83,86,88,69,55,15.2,Business,High,77.0,79.7,78.5,78.8,79.1,80.0,81.9,77.8,81.2,82.3,82.4,83.4,81.5
84,61,71,83,78,71,6.8,Business,Medium,75.4,75.4,75.0,74.3,74.7,72.8,75.3,77.0,74.1,77.6,78.7,74.3,77.1
68,91,54,77,73,99,13.6,Arts,High,76.8,78.4,76.0,77.7,76.8,79.3,79.5,81.9,80.1,81.3,80.5,82.4,81.0
69,58,51,86,67,87,9.2,Science,Medium,69.6,71.2,69.6,71.1,69.9,68.4,69.7,70.8,69.2,69.8,70.5,71.0,70.5
67,64,76,56,59,86,11.8,Tech,High,69.2,68.6,69.7,68.6,69.7,70.3,68.6,70.1,71.7,71.9,73.3,71.5,71.4
96,89,70,53,90,94,16.8,Tech,Medium,81.5,82.8,83.2,83.0,84.2,84.8,85.7,83.7,83.8,84.3,85.5,84.4,84.6
90,74,87,86,57,57,19.1,Business,High,75.6,77.4,77.9,76.9,76.5,78.5,79.0,80.4,81.6,82.8,82.4,85.6,83.7
98,54,64,50,75,90,7.3,Arts,Low,72.2,71.0,71.3,72.0,70.5,71.3,71.7,71.6,69.9,71.8,70.7,72.0,71.3
63,60,70,50,78,98,11.3,Business,High,68.1,70.4,69.9,70.4,70.5,70.7,69.8,71.8,73.1,72.2,73.5,71.9,72.8
64,83,59,96,59,84,8.2,Business,Low,71.8,74.3,75.5,75.3,74.3,75.6,74.0,73.5,75.0,73.6,73.5,72.8,74.5
80,73,72,69,66,60,6.6,Business,High,70.6,69.6,70.3,71.8,71.1,71.6,72.2,73.7,72.9,72.5,73.9,73.3,73.1
50,64,88,68,51,73,20.0,Business,Medium,66.6,68.9,67.3,66.9,67.8,70.1,68.0,67.7,68.9,71.1,70.9,71.0,71.0
52,87,54,78,55,98,22.9,Tech,High,73.2,70.2,72.3,72.5,73.5,74.0,74.7,75.3,74.3,75.1,76.5,75.0,76.5
65,57,50,59,54,70,10.5,Tech,Low,59.7,58.7,61.8,60.2,60.3,61.8,61.7,62.3,63.0,64.1,63.3,63.9,64.0
72,54,62,67,77,51,19.3,Business,High,65.1,66.1,66.3,64.4,67.2,66.8,68.4,69.6,67.5,69.5,68.6,69.1,69.7
60,97,70,77,90,89,22.6,Business,High,81.0,82.5,81.2,82.2,84.2,85.2,86.4,86.0,86.8,86.7,89.1,88.3,88.3
61,75,75,84,54,68,21.5,Arts,High,70.2,69.2,69.4,71.2,71.1,70.0,71.5,72.1,70.7,74.6,73.4,74.7,74.0
59,67,99,92,67,88,6.2,Business,High,80.3,79.1,79.0,78.7,79.9,78.3,78.2,77.8,77.5,77.5,77.4,79.2,77.7
81,55,94,96,75,77,24.0,Tech,High,78.2,82.4,81.5,82.3,84.3,83.3,84.2,84.7,87.0,87.4,86.4,88.0,87.1
65,86,70,80,69,66,10.7,Science,Low,73.3,73.1,72.8,73.2,74.7,74.7,74.8,73.2,75.0,75.2,75.2,74.5,75.2
57,97,67,76,90,55,9.8,Tech,Low,76.2,77.0,75.7,76.0,72.4,75.6,76.2,75.7,77.0,77.2,76.5,78.3,77.9
87,62,86,60,98,68,3.4,Arts,High,77.2,75.3,77.2,77.2,78.8,76.2,77.5,75.6,79.5,76.7,77.1,77.8,77.7
61,77,94,98,76,87,13.2,Tech,Low,84.2,83.6,83.3,84.3,84.8,84.3,84.5,84.1,83.1,85.7,85.5,85.2,86.5
73,54,81,98,98,77,4.5,Science,Medium,79.4,81.0,80.5,77.8,81.4,78.2,79.2,79.0,78.0,78.4,79.3,78.7,78.3
77,62,85,87,61,51,7.7,Business,High,71.0,72.4,71.6,68.6,74.3,71.6,75.4,74.9,74.7,74.3,75.2,78.5,76.6
57,66,66,54,56,87,9.3,Science,Medium,64.6,64.5,66.5,65.4,66.9,66.3,66.4,64.0,67.0,66.2,64.8,66.8,66.8
77,99,84,57,52,86,20.6,Business,Medium,74.2,76.8,76.9,76.9,79.9,80.2,80.9,80.7,82.4,81.3,80.8,81.8,83.4
85,89,98,83,59,53,22.1,Business,Low,77.1,79.1,79.7,79.3,81.3,80.8,81.5,81.7,80.7,82.6,80.9,82.8,82.8
75,94,60,97,83,71,9.0,Tech,High,79.2,81.4,82.3,80.8,83.4,83.0,81.8,82.0,83.5,84.1,84.4,82.1,83.3
57,81,70,61,74,75,21.8,Tech,Medium,70.8,70.9,69.3,72.6,71.5,71.0,72.3,71.7,72.2,71.7,73.3,74.5,73.6
99,78,75,87,84,98,21.7,Tech,High,88.3,89.1,88.3,89.7,88.3,89.1,90.0,91.3,93.6,94.7,94.1,94.7,94.2
77,52,53,50,65,92,19.6,Arts,High,65.6,64.7,67.3,66.7,66.7,67.3,69.1,67.7,67.7,69.0,70.1,69.8,70.0
77,89,83,80,51,85,5.4,Tech,High,78.5,77.6,79.1,78.9,78.6,78.0,75.7,78.0,78.7,77.9,79.1,78.9,79.2
86,83,97,53,73,62,17.9,Arts,Low,76.1,75.8,77.2,78.3,78.5,78.2,79.5,80.3,80.2,82.0,81.8,82.2,82.4
90,89,67,98,59,81,23.7,Tech,Low,82.3,81.1,81.1,81.8,81.4,82.9,84.5,86.1,85.2,84.1,86.0,85.3,85.3
85,76,89,94,87,66,17.7,Business,Medium,83.2,84.5,84.8,85.2,82.9,84.2,83.8,84.7,85.3,86.1,86.6,86.0,86.8
76,62,84,99,71,90,9.6,Arts,Medium,80.7,81.1,82.5,80.5,81.2,80.4,82.9,82.5,83.1,83.1,85.2,82.7,84.1
66,94,90,54,75,85,13.5,Science,High,77.8,81.3,78.2,80.4,81.6,81.0,81.5,82.8,84.0,83.4,85.5,86.7,85.6
58,82,78,79,92,95,16.9,Arts,High,81.8,81.7,80.7,80.7,84.3,81.9,83.1,83.2,84.8,85.4,84.5,85.1,85.5
82,55,78,73,88,68,13.7,Arts,High,74.0,74.9,75.6,76.0,77.1,76.9,78.0,78.6,78.9,78.1,78.4,79.5,79.3
69,73,87,52,76,84,4.8,Science,High,74.6,73.8,74.4,74.1,75.1,73.4,74.4,71.9,74.6,73.1,73.9,75.0,74.7
62,68,91,60,78,95,9.2,Arts,Medium,75.1,76.1,77.0,79.6,78.3,80.1,77.5,79.6,80.2,81.7,83.0,82.6,82.3
77,65,70,94,96,89,20.5,Business,Medium,81.0,82.2,83.2,81.2,81.2,84.8,82.4,84.4,83.5,82.8,83.9,83.3,84.5
97,89,91,53,87,77,21.8,Tech,High,83.6,84.6,83.3,84.0,84.7,86.4,87.3,86.6,87.4,86.8,87.7,87.4,89.1
78,77,62,75,69,50,5.2,Science,High,68.3,68.3,66.0,68.8,67.5,66.1,68.0,66.5,67.5,68.3,67.3,66.2,66.8
62,82,98,76,76,91,23.9,Tech,High,80.6,80.4,81.0,81.9,81.2,83.4,83.8,82.7,82.3,81.4,82.7,83.4,83.0
95,97,90,95,90,67,9.6,Business,High,90.2,88.7,89.9,90.3,90.5,92.3,92.7,92.2,91.6,89.6,92.5,91.8,92.5
84,90,66,92,69,97,17.2,Science,Low,82.8,83.4,84.1,83.8,85.7,85.7,85.8,86.8,85.5,88.1,89.8,88.0,88.4
55,62,58,76,93,89,19.3,Tech,Medium,72.4,73.1,72.3,73.3,75.2,76.1,77.7,74.9,76.8,76.2,77.9,79.5,77.4
67,92,90,91,68,82,20.7,Tech,Low,83.6,83.9,81.4,84.9,83.9,84.1,85.2,86.1,86.4,86.5,87.2,85.9,87.7
54,94,50,99,69,61,23.8,Business,High,73.8,72.0,74.0,75.6,74.8,76.0,78.0,79.7,82.2,82.0,82.0,83.7,84.5
96,74,51,55,84,57,9.2,Tech,High,71.3,69.5,70.9,70.6,69.9,69.8,70.1,71.7,71.2,71.6,71.0,73.6,71.7
74,91,97,64,96,73,21.7,Business,High,82.8,83.9,85.6,84.9,85.7,88.0,84.6,89.0,86.4,88.0,90.1,90.0,90.0
51,85,78,79,51,65,5.0,Arts,Low,69.4,66.4,69.4,67.1,69.5,66.8,69.9,65.7,68.0,69.8,67.2,67.7,68.4
59,76,82,91,79,99,18.2,Business,Medium,80.6,81.2,81.7,84.0,83.0,84.0,86.2,85.2,85.4,84.6,88.7,88.3,87.1
79,87,59,86,83,53,19.1,Arts,High,74.0,74.7,74.7,76.8,77.2,77.2,76.6,76.3,79.2,79.4,79.4,79.9,79.8
99,56,99,86,71,87,17.6,Science,Medium,81.0,83.0,84.6,86.8,85.2,84.7,85.4,88.4,84.3,87.4,87.2,87.2,87.5
94,54,89,91,52,93,7.8,Tech,High,81.0,80.0,81.0,79.8,81.4,81.4,82.4,82.3,83.3,83.0,83.6,85.0,84.8
54,92,70,86,55,76,22.1,Business,Medium,72.1,73.5,74.8,76.0,76.9,76.8,76.5,78.9,79.5,78.7,80.9,80.5,81.2
82,94,77,84,64,58,5.9,Business,Low,76.5,76.3,75.0,75.9,76.7,76.9,75.9,77.8,77.3,79.2,77.2,77.5,78.5
50,80,60,72,76,96,3.2,Tech,Medium,71.1,72.2,70.6,71.3,70.2,69.1,70.0,69.1,69.7,68.3,71.2,68.6,68.7
67,72,83,55,59,65,18.5,Tech,Medium,67.9,69.4,68.0,69.4,68.8,69.5,69.4,69.2,69.9,70.3,72.6,70.7,71.7
81,91,57,53,58,61,12.9,Science,High,67.2,70.0,69.6,67.9,70.1,72.5,71.9,74.6,73.1,75.4,76.3,76.1,76.1
96,59,71,67,82,80,21.5,Science,High,75.0,74.9,78.1,77.6,78.8,79.7,79.5,80.8,79.9,80.8,79.9,82.2,81.8
98,81,57,58,81,73,10.8,Business,High,75.6,76.1,76.2,75.9,76.2,76.6,79.3,80.2,78.0,77.4,79.9,81.0,80.1
60,92,98,98,97,63,5.9,Science,High,83.6,85.3,86.2,85.5,86.8,85.7,87.1,87.8,88.8,90.3,90.1,90.4,89.3
70,79,64,78,55,94,21.2,Arts,Medium,73.1,74.6,75.1,76.0,76.1,76.4,77.5,78.1,77.7,78.4,80.1,79.7,80.1
75,88,66,62,90,74,14.6,Science,Medium,73.9,75.9,77.2,77.8,77.2,78.7,78.1,77.3,76.9,77.7,77.3,79.0,78.5
74,80,72,96,85,83,6.4,Science,High,80.0,81.3,81.2,80.5,80.0,80.8,80.5,79.4,81.2,79.5,78.3,79.2,78.7
71,67,73,66,51,52,18.6,Business,Low,64.1,64.6,65.1,65.9,65.9,67.5,66.8,66.9,69.5,69.8,69.3,70.6,70.3
76,85,94,94,78,73,13.8,Arts,High,81.6,83.2,83.7,84.3,84.5,85.5,84.9,85.1,83.3,87.3,85.0,85.3,85.8
98,51,68,81,53,91,15.9,Science,High,72.6,73.6,75.0,75.4,76.0,76.7,77.2,76.3,76.8,76.3,79.9,77.8,78.8
62,63,54,97,50,58,12.6,Arts,High,64.1,63.8,64.8,63.3,64.5,64.8,63.6,65.3,65.2,65.9,63.3,65.8,65.3
82,62,81,71,68,75,21.1,Arts,High,73.1,74.4,74.9,76.2,77.3,76.7,77.8,77.2,77.9,78.8,79.2,77.3,79.0
83,78,93,53,75,69,21.1,Arts,High,77.7,76.8,77.2,77.6,76.9,77.8,80.4,79.7,78.5,80.4,79.8,81.3,81.6
90,61,50,54,74,89,18.3,Tech,High,72.0,71.5,72.5,72.1,72.1,71.3,72.5,75.4,75.4,75.5,74.2,73.1,75.7
84,88,72,86,59,59,4.4,Tech,High,73.7,74.0,74.7,73.6,72.7,75.0,74.4,74.1,74.8,74.9,71.9,72.5,73.8
50,51,86,90,64,68,21.3,Tech,Low,69.5,69.9,69.7,70.7,72.2,73.8,74.0,74.8,75.3,74.1,75.7,76.1,77.0
70,81,57,98,71,52,17.4,Tech,High,72.6,73.1,73.4,72.7,72.1,72.4,73.3,76.2,75.9,76.6,76.7,76.6,75.5
97,62,62,62,97,73,18.0,Business,High,75.1,77.0,74.7,74.7,76.1,77.4,77.2,78.2,77.5,75.7,77.7,78.3,77.6
55,95,57,83,70,54,10.3,Science,High,67.7,69.4,68.6,68.3,69.8,72.1,70.9,72.1,71.6,70.3,70.5,71.3,71.9
77,76,72,94,71,52,22.2,Tech,Medium,74.2,74.6,75.7,75.3,76.8,77.0,76.1,77.8,80.3,79.0,80.9,81.1,80.4
66,98,92,71,85,76,18.7,Business,High,81.7,82.5,83.3,83.8,83.3,83.5,85.3,85.5,86.9,88.2,88.0,88.2,87.3
54,90,50,72,83,65,4.6,Science,Low,68.9,68.5,68.8,69.7,70.1,71.2,70.3,70.4,71.2,72.1,72.9,72.9,73.1
80,66,94,52,79,98,11.4,Tech,Medium,78.9,78.5,78.5,78.1,80.8,79.1,80.8,80.6,81.0,80.6,82.9,79.7,81.1
54,89,73,91,74,64,22.4,Science,Medium,74.0,76.0,75.2,75.5,77.1,76.8,77.2,78.7,78.3,81.0,80.9,80.4,80.6
87,80,84,83,94,84,3.1,Tech,Medium,84.1,85.8,84.5,84.5,84.3,85.1,84.5,84.5,84.9,84.0,84.9,84.0,84.1
52,83,73,81,77,61,24.1,Business,High,72.0,72.4,74.3,73.8,74.6,74.0,77.7,78.1,78.3,77.3,78.5,78.8,80.0
72,73,66,94,50,90,17.6,Arts,High,75.0,75.3,76.3,78.2,78.2,75.5,77.9,76.7,77.0,78.4,80.0,80.2,79.8
86,94,54,98,98,93,16.5,Arts,High,86.3,87.0,88.2,89.6,88.7,89.3,88.5,91.6,90.1,92.0,91.2,91.6,91.3
86,84,69,70,94,75,8.2,Science,Medium,80.5,80.1,78.8,80.2,78.4,79.0,77.9,79.7,78.9,78.6,78.9,78.7,78.3
59,97,70,95,53,96,7.7,Business,High,77.0,79.1,78.3,81.2,79.8,81.3,80.7,81.7,81.8,84.6,82.4,83.8,83.5
59,55,89,93,56,83,23.7,Arts,High,72.3,73.0,75.1,73.1,73.9,76.7,75.6,75.5,76.3,77.2,76.9,77.9,77.2
68,68,80,70,98,72,8.9,Tech,Low,75.9,75.9,77.0,75.3,76.0,76.9,77.2,77.5,77.9,76.6,76.6,77.3,77.5
66,79,95,93,58,80,19.8,Arts,High,78.4,79.6,79.5,79.6,80.0,82.4,81.6,84.5,83.5,84.1,82.5,85.4,85.2
70,56,85,60,85,99,11.0,Science,Low,75.3,75.5,76.8,77.5,75.1,75.3,75.2,76.5,76.7,75.7,77.6,76.3,76.7
63,59,60,88,68,69,5.2,Science,Medium,69.6,68.3,67.4,66.8,66.4,67.9,67.3,67.0,68.1,66.0,65.0,65.8,66.4
58,90,64,53,50,61,2.2,Business,High,61.5,61.7,61.5,60.2,61.8,60.4,60.4,60.3,60.5,64.2,59.5,60.4,59.1
95,81,68,50,59,72,14.5,Science,High,73.8,73.4,72.7,72.3,72.9,73.8,76.4,76.5,75.4,76.7,76.5,74.6,76.6
50,83,56,77,85,53,24.4,Arts,High,68.3,69.8,68.2,69.2,69.7,70.4,71.0,71.1,71.1,73.4,73.4,74.5,73.6
94,77,77,73,58,72,10.5,Arts,Medium,76.0,75.8,77.1,78.4,80.2,80.7,82.3,81.2,82.6,82.1,83.2,83.6,84.2
62,64,92,84,94,97,10.2,Arts,Medium,82.7,82.4,82.5,82.8,83.9,81.4,81.6,84.3,83.3,84.6,83.4,82.4,83.2
53,79,54,62,95,97,9.9,Arts,Medium,76.0,72.9,73.1,72.9,73.5,71.6,72.4,74.3,75.5,75.4,74.9,74.8,74.5
50,86,54,96,91,50,14.0,Business,Low,70.4,71.3,72.6,72.9,71.8,72.5,71.8,74.3,73.5,75.6,74.7,72.7,74.2
98,78,79,83,81,74,12.1,Tech,Medium,81.4,84.9,85.1,82.9,83.0,84.7,85.8,84.0,83.5,87.4,87.7,85.5,86.3
89,71,81,60,81,51,22.2,Tech,High,71.9,72.8,72.8,73.9,75.2,75.2,77.3,75.8,74.8,75.5,77.7,77.1,77.9
81,53,57,85,55,79,13.6,Business,High,68.8,69.6,68.0,70.8,70.3,72.2,70.6,73.3,73.0,71.6,73.2,73.4,73.6
83,69,59,66,97,52,13.7,Science,Low,69.5,71.9,69.5,71.1,71.5,72.5,71.8,71.8,72.1,71.8,72.1,72.4,73.2
77,81,87,84,87,70,5.2,Tech,High,80.9,79.8,80.5,80.0,79.7,79.8,79.1,80.0,80.5,79.1,80.3,81.4,79.8
80,85,96,67,66,74,24.6,Science,High,80.0,77.8,78.3,79.9,78.8,77.6,78.4,80.8,81.0,81.5,82.2,83.6,81.8
57,99,81,89,59,69,7.7,Tech,Medium,75.6,74.1,75.3,74.1,75.1,74.3,75.1,73.2,73.9,73.3,73.5,71.5,73.5
88,53,97,71,99,98,3.7,Science,High,84.0,83.5,84.5,84.0,83.0,85.4,84.6,84.0,84.3,86.5,84.9,84.9,84.4
75,76,77,73,76,71,17.3,Business,Low,74.4,72.6,74.2,76.8,77.6,76.6,77.4,77.9,77.3,80.4,78.6,80.2,79.3
83,66,66,68,99,70,15.7,Arts,Medium,76.5,76.5,74.4,78.5,76.2,77.1,76.0,77.7,77.9,78.2,79.2,79.3,78.8
52,61,80,86,84,82,11.5,Science,High,73.8,77.2,75.9,76.7,76.5,77.6,79.3,79.4,78.0,81.1,80.5,79.4,80.1
99,71,57,88,70,87,11.7,Arts,Low,81.0,79.8,80.3,81.1,79.8,80.6,81.6,84.2,82.7,85.1,85.0,84.4,84.6
61,66,89,70,74,64,20.1,Science,High,73.0,70.1,71.6,73.0,72.9,74.0,74.3,73.4,74.3,74.7,75.7,75.3,76.0
50,59,74,57,77,95,6.5,Science,High,68.8,67.7,66.6,67.0,67.6,69.5,66.2,67.7,67.2,65.3,66.1,66.6,67.0
93,50,58,77,96,64,20.9,Science,High,73.4,73.4,74.7,74.8,75.1,75.4,75.8,77.1,77.7,77.0,77.1,76.9,78.1
54,71,51,54,64,95,16.9,Science,High,66.2,64.5,67.1,66.1,67.9,65.6,67.4,68.9,67.6,67.4,69.0,68.6,68.7
79,75,64,66,53,74,11.6,Science,High,69.8,69.7,69.3,69.6,69.6,69.5,70.1,70.7,71.2,70.5,73.0,69.2,70.7
79,67,99,86,78,70,12.5,Arts,High,79.2,81.0,79.6,80.7,80.0,78.8,81.4,81.7,83.1,81.9,81.7,82.0,82.2
66,99,52,85,58,73,7.9,Science,High,71.7,71.2,72.5,72.9,71.9,73.0,73.3,73.5,73.8,73.1,73.6,72.0,73.2
97,63,98,68,76,54,19.3,Arts,High,75.1,77.6,75.9,77.4,78.7,79.0,77.8,80.0,80.3,80.7,80.0,81.2,81.0
96,96,85,76,75,55,13.8,Business,Medium,81.2,82.5,82.3,81.5,83.0,83.6,82.4,81.5,83.0,81.7,82.2,82.7,83.4
72,78,53,83,68,98,9.4,Tech,Low,76.3,77.8,76.2,75.2,77.0,76.8,77.4,77.7,78.6,78.5,77.7,78.9,78.6
64,61,63,60,77,92,15.7,Science,High,68.6,73.3,69.1,71.0,72.4,72.6,72.9,74.6,73.6,73.6,72.4,76.0,74.9
86,85,90,94,66,97,24.9,Tech,High,86.4,86.4,87.4,89.6,89.3,88.3,89.7,89.9,91.6,91.3,92.9,93.6,92.0
70,84,90,96,92,93,12.0,Arts,High,86.7,91.3,89.5,89.9,91.5,90.2,89.8,91.7,92.7,93.5,90.9,91.1,93.6
63,61,74,61,90,96,23.2,Business,High,73.7,74.7,75.1,75.8,74.3,75.2,75.8,77.3,77.6,77.1,78.5,78.4,79.2
51,56,99,70,91,72,9.9,Business,Medium,73.7,72.5,72.8,75.0,73.7,72.8,70.8,70.7,73.9,72.7,71.7,72.6,72.9
60,78,59,60,99,53,3.3,Business,Medium,67.6,68.8,67.4,67.4,69.9,68.7,70.0,69.3,69.6,69.5,68.9,70.4,69.9
88,60,70,88,69,76,6.7,Tech,High,74.9,74.6,75.8,74.2,74.0,75.6,76.2,75.7,75.3,74.9,76.8,73.8,75.5
87,82,85,77,94,67,11.6,Arts,High,80.7,83.1,82.4,85.1,82.8,83.4,85.2,84.2,84.6,86.3,86.0,85.1,86.1
83,55,61,54,89,70,7.1,Science,High,68.6,66.9,65.8,67.8,66.7,67.4,67.4,65.7,66.8,65.7,65.3,66.1,66.0
87,96,76,66,88,77,2.0,Science,Medium,81.9,82.0,82.2,82.6,82.4,83.0,81.5,83.1,85.2,84.0,84.2,85.2,85.1
99,64,89,69,98,84,23.0,Arts,High,83.8,86.5,86.9,85.4,86.8,87.6,87.6,90.1,90.9,90.0,90.6,92.5,92.1
83,81,51,90,72,71,21.4,Tech,Low,74.8,75.2,75.1,76.3,76.3,76.5,76.8,78.9,77.6,78.6,77.8,78.5,78.1
67,60,62,95,96,89,19.1,Science,Medium,78.6,78.8,80.6,79.6,80.2,79.6,79.9,81.4,80.8,80.0,80.8,81.2,80.9
79,72,81,61,81,72,5.9,Arts,High,73.9,75.7,76.0,74.9,77.5,77.6,77.1,76.4,79.4,79.0,80.9,79.6,79.4
64,75,80,55,96,52,4.8,Science,Medium,68.9,71.5,70.7,70.2,69.5,70.2,70.7,71.2,70.2,72.3,68.4,70.4,70.3
76,83,65,66,82,89,3.6,Business,Low,78.6,75.1,76.5,76.3,75.7,76.2,76.5,75.7,75.2,76.2,76.2,76.9,76.2
83,95,81,68,95,99,18.7,Science,Medium,86.3,87.6,87.0,87.4,88.6,87.2,87.6,87.0,88.9,88.8,87.5,85.7,87.9
87,83,81,75,54,59,23.4,Tech,High,73.6,74.0,74.5,74.2,76.5,75.6,76.2,76.9,77.4,80.1,79.9,81.0,79.5
82,78,83,97,92,74,11.9,Arts,High,85.6,85.0,84.8,86.6,85.7,85.5,87.1,87.1,85.9,87.9,87.5,85.2,87.4
73,53,60,93,97,98,4.7,Tech,Low,82.8,80.5,80.2,80.8,80.6,82.4,80.2,81.8,79.3,81.3,82.2,80.7,81.8
64,66,59,93,83,57,13.8,Arts,Medium,69.2,69.4,69.7,70.4,70.9,70.1,69.8,71.1,71.9,72.1,71.9,71.5,71.7
79,84,64,81,89,60,10.0,Business,Medium,76.6,75.1,75.1,75.9,76.7,75.9,75.4,76.0,74.5,74.8,75.2,76.8,76.1
91,62,66,55,60,54,10.6,Arts,Low,64.3,63.4,64.6,65.9,66.0,66.3,66.7,67.8,66.9,67.2,69.6,65.7,68.7
66,90,89,85,99,94,16.3,Science,Low,87.2,87.8,90.9,88.7,90.3,90.4,92.2,92.4,93.0,92.3,94.3,94.1,94.1
54,88,67,87,52,86,18.5,Science,Low,71.8,74.1,73.5,72.7,71.8,73.2,73.7,75.1,74.8,76.5,75.4,75.5,74.7
78,64,58,60,82,94,4.5,Business,High,71.8,73.1,73.9,73.6,73.5,74.7,74.5,73.7,74.7,74.8,77.2,77.2,76.2
53,78,74,82,60,87,2.8,Arts,Medium,72.4,71.1,71.5,74.2,72.0,71.1,71.6,72.9,72.8,72.2,73.5,72.5,73.2
59,78,89,73,65,78,24.9,Business,Medium,73.0,74.8,76.7,77.8,77.3,79.5,80.1,79.0,80.0,80.7,84.0,83.0,83.3
66,60,63,72,67,54,7.4,Science,Medium,64.8,62.5,64.1,65.3,63.6,65.3,64.2,65.0,64.6,65.9,65.9,65.1,65.7
59,81,74,64,79,58,3.2,Tech,Medium,68.9,67.4,68.4,68.2,66.9,65.9,66.7,66.2,66.4,65.9,65.2,64.7,65.1
66,51,99,76,97,97,6.4,Business,High,81.6,81.7,80.4,80.4,80.2,79.5,83.4,82.0,81.7,83.4,82.5,81.6,82.6
69,96,71,60,59,51,2.9,Tech,Medium,67.5,67.0,68.6,68.6,69.5,68.2,69.9,68.9,69.7,70.9,70.4,69.8,70.7
73,63,79,99,67,50,11.0,Tech,Medium,71.6,73.2,71.8,73.3,72.4,72.3,71.1,71.3,71.5,71.7,72.7,73.7,73.3
54,69,69,66,87,89,20.5,Arts,High,73.1,73.2,72.9,72.9,72.9,77.6,73.7,73.8,77.5,76.0,78.9,77.8,77.7
83,71,70,63,68,79,9.8,Business,High,71.4,72.8,73.7,73.8,72.6,74.2,73.8,73.9,74.8,75.8,75.0,75.4,74.9
55,60,93,76,85,60,12.2,Tech,High,71.0,70.9,69.4,73.1,71.0,68.6,69.1,69.7,70.7,69.5,69.7,69.6,69.4
51,76,81,67,62,77,17.5,Tech,High,68.9,71.2,71.7,72.9,72.0,72.6,74.7,74.1,76.7,77.4,77.3,78.3,77.6
62,52,95,77,95,93,13.7,Arts,High,78.3,80.2,80.3,81.2,79.3,80.1,80.4,81.9,79.9,80.8,84.1,82.2,81.3
92,66,98,96,52,61,21.8,Arts,High,76.0,79.1,78.5,80.3,80.6,81.6,82.1,81.7,82.8,82.9,83.3,83.4,85.1
92,93,70,96,59,88,21.9,Science,Medium,84.9,84.6,83.8,86.1,86.0,84.9,86.0,88.7,85.9,88.0,88.0,88.5,89.4
97,77,84,53,87,75,2.2,Tech,Medium,78.4,79.1,79.4,79.2,78.7,80.3,82.4,82.6,84.3,80.5,80.4,81.8,82.0
60,78,81,56,50,62,19.9,Science,Medium,66.2,66.2,66.5,67.6,67.9,67.2,71.3,67.1,69.5,69.6,70.5,71.3,71.3
96,70,79,94,76,57,12.6,Tech,Low,80.0,78.9,79.3,80.4,79.3,79.2,80.3,81.0,82.2,81.6,82.0,81.3,82.0
72,96,88,84,95,77,24.7,Science,High,84.5,86.3,87.2,87.5,87.7,88.4,89.0,88.7,88.3,90.6,90.1,91.9,91.0
65,65,98,97,57,79,13.1,Arts,High,76.2,77.5,80.0,80.0,79.1,80.4,80.2,77.6,82.0,79.9,81.4,84.4,82.4
80,86,61,58,95,58,24.7,Business,Low,75.9,73.2,73.4,73.7,74.0,75.7,74.9,74.0,77.6,76.1,76.5,76.9,76.7
60,69,90,57,91,88,19.4,Arts,High,78.2,76.3,75.9,78.0,77.8,79.9,79.1,81.3,81.1,81.1,81.8,83.0,82.9
65,55,96,94,66,80,7.7,Science,Low,76.0,76.5,76.9,76.1,75.8,75.6,75.0,78.1,75.1,75.4,76.4,76.9,76.1
57,68,67,66,58,70,14.4,Science,Low,65.2,66.8,67.7,65.6,68.8,68.5,67.2,69.8,69.3,70.2,71.7,69.3,71.2
53,54,70,66,55,96,24.8,Business,Medium,65.7,68.1,68.0,68.5,67.5,69.8,70.6,71.1,69.2,71.6,73.4,73.4,73.4
89,52,62,98,92,83,21.7,Tech,Low,80.4,79.4,80.2,80.2,84.3,83.4,83.3,84.5,85.1,87.2,87.3,88.1,87.1
53,50,70,82,74,80,4.2,Science,High,67.6,69.7,68.4,69.7,68.5,68.3,66.4,70.8,70.1,70.5,70.6,69.0,69.6
74,87,57,81,88,74,18.2,Science,High,75.0,76.8,76.2,77.5,77.7,77.3,78.4,80.3,78.3,79.7,78.9,77.6,78.8
52,64,95,57,98,61,9.9,Science,Medium,69.9,72.0,72.1,71.1,70.6,71.9,71.8,71.4,71.8,71.7,72.1,72.2,72.4
81,83,89,68,77,50,2.2,Business,High,74.9,74.1,73.8,74.5,74.7,78.1,77.2,74.0,76.7,75.4,75.8,76.6,76.7
52,84,95,87,82,71,11.3,Arts,Low,77.7,79.3,79.1,79.5,79.5,80.7,81.0,78.9,81.9,81.7,81.5,81.3,82.2
76,98,56,52,86,89,7.4,Science,High,76.5,77.2,76.3,78.4,77.0,77.8,77.3,80.5,77.9,79.8,79.8,82.8,80.7
78,74,72,54,58,86,20.8,Business,Medium,69.8,70.0,72.2,73.2,73.1,73.0,72.2,75.0,75.7,75.6,77.5,76.9,77.4
81,73,93,62,67,96,9.8,Science,Medium,78.0,79.4,78.6,78.3,78.7,78.7,78.5,79.5,81.9,78.4,80.0,78.5,79.7
99,61,81,96,70,50,21.0,Tech,Medium,77.4,78.3,77.5,76.9,80.0,80.7,78.3,77.5,78.4,80.1,81.2,80.8,80.9
68,67,60,95,51,50,2.0,Business,High,65.5,65.1,65.4,66.1,64.3,65.2,66.6,65.0,65.7,65.5,64.8,66.9,66.0
70,64,71,80,92,91,9.1,Science,High,77.8,79.0,76.5,76.6,77.3,78.0,76.9,76.4,78.5,77.1,77.7,76.1,76.1
54,93,71,65,87,91,7.5,Business,Low,78.2,77.6,78.9,78.7,79.4,79.2,81.2,80.8,82.1,82.1,81.5,82.9,82.4
67,65,92,99,89,70,7.4,Science,High,81.1,81.7,81.1,81.5,80.5,82.1,80.8,82.0,82.1,84.0,82.0,82.5,83.4
77,76,74,81,85,64,3.6,Arts,Low,77.9,74.5,76.1,77.7,78.3,78.7,79.2,77.5,79.0,77.9,79.0,81.2,79.7
91,57,71,71,99,66,6.3,Science,Medium,75.3,78.0,77.8,76.3,74.9,74.6,75.8,74.2,74.9,75.2,77.2,75.2,74.6
71,95,77,78,92,71,14.8,Business,Medium,80.8,83.3,82.9,81.7,81.1,83.5,82.7,86.5,85.1,85.7,86.6,88.6,87.6
70,74,78,71,86,87,8.7,Tech,Medium,77.0,78.6,79.3,78.1,81.3,82.8,83.1,82.6,82.9,82.3,83.8,85.1,84.7
55,66,62,92,64,84,11.6,Tech,High,70.1,68.7,72.1,70.2,69.7,71.9,71.1,71.6,70.8,70.7,71.0,72.1,71.3
50,78,67,52,77,94,10.7,Tech,Medium,71.0,70.7,72.7,73.0,70.6,72.8,72.8,71.9,73.3,74.7,73.9,73.5,74.4
54,57,51,59,67,65,22.1,Science,Low,60.7,58.5,60.4,63.1,62.3,63.0,61.9,60.3,63.1,64.0,64.2,65.0,65.5
90,64,78,91,83,57,22.8,Arts,High,78.4,78.2,78.4,80.2,78.4,79.5,80.6,79.1,78.7,81.8,80.7,82.2,80.9
61,76,70,70,71,96,13.3,Science,Low,72.6,75.2,74.3,75.5,77.0,78.5,75.7,76.5,77.7,78.7,79.7,80.6,79.0
75,95,64,65,60,66,9.6,Tech,High,72.3,70.7,71.8,70.6,73.9,73.2,74.3,74.2,76.0,74.2,75.3,74.3,75.4
95,99,76,61,62,66,4.5,Business,High,74.7,77.6,76.3,74.2,75.9,77.1,77.4,79.9,76.7,77.7,75.5,76.8,76.6
83,56,99,51,53,75,23.9,Tech,High,71.2,71.9,72.1,72.1,74.3,72.8,74.1,76.5,76.3,77.9,77.9,78.6,79.0
98,52,80,90,71,62,3.4,Business,Low,74.9,76.1,75.3,74.5,73.8,73.5,76.1,76.7,74.5,72.7,72.8,72.5,73.2
63,78,64,73,56,66,8.8,Arts,High,67.3,66.6,67.1,67.8,68.7,65.3,66.7,67.0,66.2,68.2,66.4,66.6,66.3
75,93,72,84,92,87,8.9,Business,Low,82.7,82.9,84.8,85.7,84.4,86.6,86.2,85.2,87.9,86.6,87.9,87.9,86.8
94,73,73,79,73,66,9.4,Science,Low,77.7,77.8,75.8,77.5,78.6,75.2,76.5,78.6,78.5,78.7,78.8,79.7,79.2
76,52,93,79,53,97,5.8,Science,High,73.6,74.8,74.1,74.2,76.0,74.7,77.3,77.0,75.9,74.4,75.2,75.0,75.3
58,69,62,96,77,63,20.0,Science,High,70.8,70.7,72.2,72.4,74.3,71.7,74.1,77.8,75.8,78.4,79.6,79.0,78.5
75,95,71,84,64,94,4.8,Business,Medium,79.7,82.3,80.8,81.6,80.9,80.9,83.0,81.6,82.9,83.1,83.7,82.6,83.0
96,64,92,68,50,55,16.6,Science,High,69.6,74.0,73.6,73.8,73.5,73.7,73.7,75.5,76.1,77.0,77.5,77.9,77.5
71,74,86,99,52,84,4.8,Science,Medium,77.9,77.8,76.8,78.5,76.0,79.7,77.8,77.1,78.5,78.2,80.8,80.3,78.9
96,79,82,57,63,95,3.6,Science,High,80.7,81.2,78.9,78.4,79.9,80.2,80.8,81.0,79.9,81.4,81.3,78.9,81.0
79,63,52,75,87,63,22.9,Arts,High,73.0,70.9,72.3,72.5,72.7,72.0,74.3,75.4,73.7,75.7,73.3,76.6,75.8
92,56,68,98,99,96,6.4,Business,Medium,85.4,85.5,86.1,87.3,87.5,88.9,87.1,88.9,89.7,89.2,91.2,89.4,90.9
97,66,72,89,50,57,20.9,Business,High,73.3,72.0,73.5,72.3,70.8,74.2,75.6,74.3,76.0,74.3,74.5,77.7,76.5
66,93,78,56,87,64,14.5,Tech,High,74.9,77.1,76.0,76.1,76.3,78.3,80.1,80.1,80.3,81.7,82.3,82.0,82.6
75,69,79,79,87,76,3.8,Business,High,78.1,76.9,78.1,78.6,77.3,76.9,77.3,78.7,78.7,76.9,76.9,77.5,78.7
85,85,88,56,70,62,24.0,Arts,High,74.4,75.8,75.2,75.6,76.5,75.6,78.5,77.4,77.6,78.2,78.0,79.5,78.8
50,58,93,52,97,98,7.7,Business,Medium,75.3,74.9,76.6,77.9,77.1,76.4,76.1,78.2,78.5,78.4,78.9,80.1,79.7
57,87,96,50,78,80,21.8,Arts,Low,75.8,75.3,74.8,77.4,77.3,78.1,78.0,79.0,79.6,81.6,80.2,80.5,81.5
98,97,74,85,54,84,5.9,Arts,High,81.7,83.6,82.5,82.7,84.1,83.8,84.5,85.3,84.6,84.5,84.9,84.2,85.5
84,71,86,74,98,55,21.6,Business,Medium,78.7,79.1,80.5,81.0,80.7,84.0,82.3,84.7,87.4,86.5,87.2,86.7,86.9
64,51,96,86,59,54,2.3,Tech,Medium,68.4,68.2,69.2,68.9,69.5,69.4,69.4,68.3,69.7,69.0,68.9,68.5,69.7
96,73,57,50,77,71,13.8,Science,High,71.7,72.3,72.9,70.9,72.4,69.4,72.6,71.6,73.5,74.1,73.9,72.5,73.6
71,57,91,64,70,98,19.7,Science,High,74.8,78.1,76.7,76.9,78.8,79.3,79.5,80.1,81.5,83.8,81.4,83.1,83.0
63,60,65,86,99,72,23.5,Business,Low,74.7,76.0,77.4,77.2,76.9,76.2,79.1,79.6,79.2,79.0,80.4,80.2,81.2
75,62,57,62,56,74,22.9,Business,Medium,66.9,65.1,65.7,67.9,69.6,67.5,68.9,70.0,71.8,71.5,72.2,73.0,72.6
77,66,50,89,52,83,20.9,Arts,Medium,70.8,69.3,71.3,70.8,70.8,69.7,70.9,70.2,70.7,73.9,70.3,73.0,71.5
72,57,93,57,94,75,22.4,Business,Medium,76.7,76.0,77.4,78.7,76.9,77.8,80.3,80.0,81.4,81.1,80.4,82.2,82.3
63,70,54,54,96,96,6.6,Arts,High,72.3,72.6,71.4,71.9,72.7,71.2,73.4,72.3,72.4,72.8,73.3,73.0,72.9
73,67,52,58,69,54,8.5,Tech,Medium,63.0,62.2,63.9,65.8,65.3,65.3,66.4,66.9,65.6,67.8,68.6,70.0,68.0
51,79,50,50,68,75,8.6,Business,Medium,63.5,63.5,63.1,62.5,63.2,62.7,63.3,65.1,65.4,65.4,65.6,64.8,66.0
94,67,53,85,84,69,10.7,Science,Medium,77.2,76.0,76.9,75.5,78.0,77.5,78.0,77.5,77.0,76.7,78.2,80.2,79.0
75,95,89,84,53,55,11.0,Science,High,73.6,74.2,76.0,74.8,77.3,79.5,76.8,78.2,78.9,79.8,79.2,80.5,79.4
63,96,84,51,54,55,14.5,Business,High,66.0,66.6,67.4,67.5,65.8,67.0,67.2,70.0,67.7,67.1,69.4,70.4,69.5
56,80,81,89,50,99,5.7,Arts,High,77.6,76.2,78.4,77.0,78.2,78.0,78.7,78.6,79.2,79.6,80.6,82.1,80.8
52,87,91,72,53,67,17.9,Science,Low,70.8,71.8,72.6,74.0,73.8,72.5,74.9,77.0,75.9,79.3,76.4,80.0,79.7
96,81,83,58,61,53,5.9,Arts,High,71.5,74.3,73.5,73.1,73.6,73.0,74.3,73.7,76.8,73.8,73.3,74.0,74.6
72,60,92,83,76,66,9.1,Business,High,74.1,76.0,76.1,75.6,78.2,78.4,79.1,79.2,77.6,79.0,79.4,81.8,80.7
95,94,74,95,91,63,13.6,Business,High,85.0,85.0,87.7,85.9,86.8,87.5,85.2,86.7,87.6,88.7,88.2,89.4,88.3
92,74,59,63,72,63,20.3,Science,High,69.5,71.5,70.9,71.6,74.0,72.8,72.3,73.6,75.0,73.4,74.8,76.1,75.0
96,82,70,53,74,62,19.0,Business,Medium,75.4,73.4,73.7,73.0,75.1,76.6,74.7,77.8,78.2,76.4,78.8,78.6,78.6
94,87,95,79,70,56,16.8,Tech,Medium,80.6,81.5,83.2,81.2,83.3,85.7,83.2,83.2,85.5,85.4,85.9,85.4,86.1
67,90,88,80,73,93,5.6,Tech,Medium,81.8,82.6,81.6,81.4,83.0,84.0,82.8,81.1,82.2,82.4,81.3,82.9,82.7
87,57,76,87,74,64,14.6,Science,High,75.2,76.3,77.1,77.4,76.3,76.4,77.1,76.5,79.6,77.5,80.6,80.5,79.6
84,60,76,60,94,68,4.0,Tech,Medium,74.8,73.9,75.0,74.5,75.2,73.1,74.1,73.7,76.0,75.8,76.6,76.5,75.5
64,71,51,84,95,92,10.7,Arts,High,77.2,78.0,76.3,77.2,76.1,76.4,78.2,77.6,77.3,77.7,76.0,77.0,77.4
74,73,90,57,81,96,11.5,Science,High,79.9,80.2,77.8,78.5,80.0,79.8,78.8,80.1,82.1,81.9,83.0,83.3,83.0
86,90,97,52,81,93,2.9,Science,High,82.8,82.9,83.8,85.2,83.0,84.9,85.9,84.6,84.8,85.1,85.0,84.5,85.8
77,66,62,63,54,84,8.3,Arts,High,67.6,70.3,68.5,69.9,69.1,67.9,68.8,70.2,68.9,70.5,70.4,71.5,70.5
59,61,58,62,85,66,24.0,Tech,High,66.7,67.1,68.7,66.3,69.5,69.9,70.6,71.9,73.6,74.3,75.0,73.9,74.7
88,95,85,94,95,84,23.9,Tech,Medium,90.0,90.1,92.9,91.0,93.3,93.4,92.4,92.9,95.0,93.8,96.6,95.7,94.9
66,81,71,81,91,68,10.1,Tech,Medium,76.7,78.6,76.6,78.2,78.8,78.2,80.2,79.2,78.4,80.3,80.7,79.2,80.3
88,64,91,83,98,69,3.0,Science,Low,82.4,84.0,82.6,82.3,81.3,80.5,80.1,81.3,80.9,81.5,81.1,81.7,80.7
71,65,75,94,91,85,6.1,Science,High,80.9,80.1,80.8,79.4,78.8,81.2,80.0,79.7,79.7,80.7,79.5,80.1,79.8
75,71,61,68,88,84,11.0,Tech,High,72.9,74.3,76.1,74.9,75.8,73.6,76.2,75.6,76.0,76.2,76.5,75.7,76.5
93,77,66,87,65,81,23.8,Business,High,79.3,78.9,80.0,79.3,81.5,80.5,79.6,83.9,82.2,81.6,84.3,84.1,83.4
74,69,63,65,82,97,5.2,Tech,Low,74.8,75.8,73.2,75.3,76.0,75.2,74.4,76.1,76.3,75.0,75.4,74.9,75.5
66,82,63,51,98,93,19.6,Arts,Medium,76.7,77.7,76.7,78.5,78.9,78.3,78.6,81.6,78.9,80.4,79.7,81.7,81.0
62,59,83,89,70,89,4.5,Science,Medium,76.4,76.4,74.9,75.6,76.4,77.0,76.2,76.9,76.8,79.7,76.5,78.1,78.4
69,89,69,66,58,73,24.6,Arts,High,72.8,71.9,72.1,73.9,73.0,74.6,73.8,75.1,77.0,75.8,77.4,75.7,77.4
74,81,60,83,55,66,10.8,Arts,Medium,71.2,71.3,70.8,69.1,69.1,69.8,69.5,68.5,69.4,70.7,70.1,68.9,69.9
53,99,65,91,94,56,19.8,Science,High,78.4,77.4,78.7,78.2,79.7,80.1,81.8,81.0,81.3,82.9,83.3,84.2,84.6
59,82,80,65,84,92,9.9,Business,Medium,78.6,78.2,78.5,78.3,77.5,77.2,77.4,79.8,77.5,78.2,79.2,79.7,78.3
52,51,55,87,88,99,16.4,Tech,Low,72.7,72.5,73.5,74.5,74.2,73.8,75.9,74.7,75.3,77.5,76.0,77.7,76.8
90,82,68,51,71,50,6.4,Arts,Low,68.9,69.6,68.1,70.5,69.7,70.9,69.3,72.5,72.3,71.8,71.1,73.1,71.5
94,82,86,51,90,84,5.4,Science,Medium,82.2,81.4,79.2,80.5,81.9,81.5,81.1,81.3,83.6,81.6,83.0,84.9,83.2
67,90,53,75,54,81,23.6,Arts,High,71.5,71.5,72.5,72.6,73.1,75.5,77.4,75.1,78.1,77.2,78.2,78.8,79.3
96,62,96,62,91,85,23.1,Tech,Low,82.3,82.9,83.8,85.5,86.2,86.0,86.0,86.9,88.7,89.8,89.5,89.7,89.9
85,79,53,96,72,62,22.4,Business,Medium,75.3,76.7,74.8,76.2,76.7,76.5,76.1,77.8,79.2,78.8,80.2,79.1,79.5
96,82,69,80,66,55,16.4,Business,High,75.4,75.5,75.3,76.7,78.3,79.9,78.3,81.7,80.9,81.2,82.0,83.2,83.9
71,62,59,83,61,63,20.6,Business,High,66.2,66.9,67.4,69.2,68.5,69.1,71.4,71.4,71.3,71.2,73.0,71.3,73.1
83,75,73,88,72,86,3.6,Science,High,80.9,81.8,79.5,79.1,78.5,80.5,79.6,79.6,79.1,80.9,80.4,80.3,80.3
96,71,84,52,65,97,9.7,Science,High,78.0,79.3,79.4,80.9,80.8,80.1,80.0,80.6,80.9,82.5,82.1,81.0,82.3
57,88,75,57,52,64,9.2,Business,High,67.8,63.7,66.5,68.1,67.4,66.6,67.3,67.4,68.7,68.3,69.4,68.8,68.8
89,51,86,72,79,96,16.6,Tech,Medium,77.7,79.2,81.9,81.4,79.6,82.2,83.2,81.8,83.3,86.1,84.2,86.7,84.6
98,87,87,63,71,53,10.2,Tech,High,76.6,76.0,77.5,80.5,80.6,81.0,81.0,80.9,83.8,84.0,84.3,84.0,84.5
93,88,70,76,58,89,5.4,Science,High,79.1,78.2,80.2,79.4,80.4,80.7,82.0,80.8,78.7,79.7,80.7,80.3,80.1
68,75,89,78,78,65,15.7,Business,Medium,77.0,73.0,76.6,77.6,77.3,78.5,78.0,76.4,79.1,78.1,78.8,80.5,79.6
91,95,88,88,96,77,20.7,Tech,Low,90.1,90.1,91.5,92.8,93.4,92.9,94.0,95.1,92.7,93.6,95.4,95.9,95.6
90,99,70,88,86,65,10.8,Tech,Medium,83.8,82.8,83.9,85.0,85.5,84.6,87.0,86.3,87.1,87.8,87.7,88.7,88.4
86,64,59,50,72,53,5.0,Tech,High,62.7,63.8,64.7,63.2,62.0,65.7,63.1,62.2,63.6,62.3,62.5,62.1,62.5
55,83,87,66,62,94,6.5,Science,Low,73.2,72.5,74.3,72.1,74.0,72.1,72.7,73.9,72.8,74.5,72.3,72.3,72.5
75,91,95,90,81,75,7.5,Business,Low,84.9,84.8,84.1,84.8,85.2,86.0,85.5,86.7,85.9,86.9,86.0,84.6,85.6
83,93,53,79,95,77,8.9,Arts,High,78.6,79.5,79.8,80.6,79.1,80.1,80.2,80.7,78.6,80.1,79.5,80.2,79.4
94,98,94,62,96,81,16.8,Business,High,87.3,89.7,88.3,89.8,89.8,88.4,89.4,90.8,89.0,89.8,91.7,90.0,91.7
55,89,69,70,97,94,15.8,Business,Medium,80.0,81.4,80.9,81.4,79.7,81.7,82.5,83.9,83.8,83.1,84.2,85.7,84.7
86,60,66,68,72,51,18.0,Science,Low,66.5,68.6,66.9,67.8,69.7,68.9,70.5,67.9,71.6,71.5,68.9,69.4,70.8
